timestamp,dx,dy,D,speed
1618417004673728000,-2,1,0,2.23607
1618417004681734000,-1,3,1.14865,3.16228
1618417004689702000,-1,3,1.14804,3.16228
1618417004697719000,0,3,1.14744,3
1618417004705804000,0,3,1.14593,3
1618417004713711000,0,4,1.14442,4
1618417004721779000,0,4,1.14243,4
1618417004729753000,3,4,1.14045,5
1618417004737716000,5,4,1.13573,6.40312
1618417004745717000,8,4,1.12917,8.94427
1618417004753684000,10,4,1.11985,10.7703
1618417004761721000,12,5,1.1087,13
1618417004769733000,15,6,1.09523,16.1555
1618417004777741000,16,6,1.07851,17.088
1618417004785742000,18,7,1.06088,19.3132
1618417004793737000,20,8,1.04092,21.5407
1618417004801856000,21,10,1.01865,23.2594
1618417004809775000,23,12,0.99446,25.9422
1618417004818058000,24,13,0.967444,27.2947
1618417004825862000,24,14,0.939013,27.7849
1618417004833707000,24,14,0.910079,27.7849
1618417004841734000,24,15,0.881145,28.3019
1618417004850000000,25,14,0.85171,28.6531
1618417004857792000,24,12,0.821864,26.8328
1618417004865947000,23,12,0.793934,25.9422
1618417004873697000,23,12,0.766917,25.9422
1618417004882036000,22,12,0.739901,25.0599
1618417004890139000,22,13,0.713797,25.5539
1618417004898117000,22,13,0.687191,25.5539
1618417004906467000,22,13,0.660585,25.5539
1618417004914062000,22,13,0.633981,25.5539
1618417004922347000,21,13,0.607377,24.6982
1618417004929743000,21,12,0.581691,24.1868
1618417004937965000,20,13,0.556504,23.8537
1618417004946094000,18,11,0.531741,21.095
1618417004954004000,18,13,0.509804,22.2036
1618417004962109000,17,13,0.4869,21.4009
1618417004970116000,16,12,0.464944,20
1618417004978028000,15,12,0.444421,19.2094
1618417004986055000,15,10,0.424862,18.0278
1618417004993790000,15,11,0.406251,18.6011
1618417005002271000,15,11,0.38721,18.6011
1618417005010114000,16,12,0.368204,20
1618417005018246000,17,13,0.347862,21.4009
1618417005026068000,18,14,0.326215,22.8035
1618417005034151000,18,14,0.303304,22.8035
1618417005042114000,18,13,0.280533,22.2036
1618417005050123000,18,11,0.258283,21.095
1618417005058359000,17,10,0.236843,19.7231
1618417005065926000,15,8,0.216812,17
1618417005074207000,15,7,0.199459,16.5529
1618417005082154000,14,6,0.182446,15.2315
1618417005089949000,13,6,0.166748,14.3178
1618417005097861000,13,5,0.152098,13.9284
1618417005106027000,13,5,0.137729,13.9284
1618417005114350000,12,5,0.123392,13
1618417005122215000,11,4,0.110126,11.7047
1618417005130050000,10,4,0.098127,10.7703
1618417005138131000,8,3,0.0872143,8.544
1618417005146247000,6,2,0.0785682,6.32456
1618417005154091000,3,1,0.0721462,3.16228
1618417005162022000,1,0,0.068947,1
1618417005170133000,1,0,0.0679084,1
1618417005218795000,1,-1,0.0668698,1.41421
1618417005282060000,2,-1,0.0659219,2.23607
1618417005289763000,1,0,0.0639587,1
1618417005297901000,2,0,0.0629239,2
1618417005305983000,2,0,0.0608551,2
1618417005313846000,3,0,0.0587873,3
1618417005321771000,3,0,0.0556878,3
1618417005329958000,4,0,0.0525913,4
1618417005338251000,4,0,0.0484683,4
1618417005345802000,5,1,0.0443535,5.09902
1618417005353885000,4,1,0.0390451,4.12311
1618417005362533000,2,0,0.0347673,2
1618417005369895000,4,1,0.032709,4.12311
1618417005377722000,3,1,0.028432,3.16228
1618417005385743000,2,0,0.0251946,2
1618417005393809000,2,0,0.0231288,2
1618417005401831000,3,1,0.0210664,3.16228
1618417005417833000,2,0,0.0178305,2
1618417005425783000,1,0,0.0157633,1
1618417005433892000,1,0,0.0147314,1
1618417005441889000,1,0,0.013701,1
1618417005449773000,1,0,0.0126724,1
1618417005457724000,1,0,0.0116462,1
1618417005465734000,1,0,0.010623,1
1618417005473699000,0,0,0.00960369,0
1618417005553724000,0,0,0.0842068,0
1618417005602104000,-1,-3,0.0842068,3.16228
1618417005610035000,-1,-3,0.0814497,3.16228
1618417005617858000,-1,-5,0.0787339,5.09902
1618417005625829000,-1,-6,0.0740867,6.08276
1618417005633966000,-1,-7,0.068562,7.07107
1618417005642190000,-2,-8,0.0622401,8.24621
1618417005649845000,-1,-10,0.0557723,10.0499
1618417005657865000,-2,-12,0.047658,12.1655
1618417005665733000,-2,-13,0.040055,13.1529
1618417005673839000,-1,-14,0.0351125,14.0357
1618417005681824000,1,-12,0.0341946,12.0416
1618417005689923000,1,-11,0.0363788,11.0454
1618417005698700000,2,-7,0.0416603,7.28011
1618417005705778000,2,-5,0.0452626,5.38516
1618417005713807000,3,-4,0.048055,5
1618417005721800000,3,-3,0.0498884,4.24264
1618417005729962000,3,-3,0.0512328,4.24264
1618417005737813000,3,-2,0.0529132,3.60555
1618417005745796000,3,-2,0.0538994,3.60555
1618417005753848000,3,-1,0.0551243,3.16228
1618417005761931000,1,-1,0.0555446,1.41421
1618417005825951000,1,1,0.0564146,1.41421
1618417005833869000,1,1,0.0552421,1.41421
1618417005841851000,0,1,0.0540842,1
1618417005849749000,0,3,0.053049,3
1618417005858173000,0,3,0.0499451,3
1618417005865765000,0,3,0.0468439,3
1618417005873900000,1,5,0.0437461,5.09902
1618417005881769000,1,3,0.0384458,3.16228
1618417005889956000,1,4,0.0352188,4.12311
1618417005897923000,0,3,0.0309682,3
1618417005905824000,1,4,0.0278578,4.12311
1618417005913836000,1,3,0.0236146,3.16228
1618417005921804000,0,2,0.0204352,2
1618417005929885000,1,4,0.0183534,4.12311
1618417005938185000,1,3,0.0141742,3.16228
1618417005945803000,1,2,0.0111261,2.23607
1618417005953866000,1,2,0.00927141,2.23607
1618417005962292000,0,1,0.0076798,1
1618417005969855000,0,1,0.00676252,1
1618417005977861000,0,1,0.0058868,1
1618417006001944000,0,0,0.00507416,0
1618417006089733000,0,0,0.886888,0
1618417006177699000,1,3,0.886888,3.16228
1618417006185822000,4,3,0.886951,5
1618417006193815000,8,4,0.884087,8.94427
1618417006201705000,13,5,0.877698,13.9284
1618417006209865000,17,5,0.866867,17.72
1618417006217717000,21,4,0.852273,21.3776
1618417006225715000,23,2,0.833584,23.0868
1618417006233676000,25,-1,0.812336,25.02
1618417006241666000,26,-5,0.78807,26.4764
1618417006249690000,27,-9,0.76124,28.4605
1618417006257697000,30,-11,0.731766,31.9531
1618417006265715000,32,-12,0.698595,34.176
1618417006273664000,35,-14,0.663106,37.6962
1618417006282029000,40,-16,0.623913,43.0813
1618417006289945000,42,-14,0.579133,44.2719
1618417006297743000,43,-13,0.533419,44.9222
1618417006305723000,43,-12,0.487329,44.643
1618417006314509000,43,-12,0.441882,44.643
1618417006321685000,39,-13,0.396681,41.1096
1618417006329706000,37,-13,0.354823,39.2173
1618417006337680000,32,-12,0.314974,34.176
1618417006345692000,28,-11,0.280296,30.0832
1618417006353665000,24,-11,0.249858,26.4008
1618417006361750000,19,-9,0.222968,21.0238
1618417006369707000,14,-9,0.201606,16.6433
1618417006377715000,10,-8,0.184373,12.8062
1618417006385674000,6,-7,0.171034,9.21954
1618417006393684000,3,-6,0.161586,6.7082
1618417006401687000,2,-5,0.155264,5.38516
1618417006409688000,0,-3,0.150459,3
1618417006417744000,0,-4,0.148617,4
1618417006426188000,0,-3,0.146229,3
1618417006433698000,-1,-3,0.144491,3.16228
1618417006537740000,1,-2,0.143682,2.23607
1618417006545671000,3,-2,0.1417,3.60555
1618417006553768000,4,-2,0.137947,4.47214
1618417006561678000,6,-2,0.133306,6.32456
1618417006569964000,8,-3,0.1269,8.544
1618417006578249000,8,-3,0.118201,8.544
1618417006585750000,8,-3,0.109534,8.544
1618417006593682000,8,-3,0.100907,8.544
1618417006601829000,9,-4,0.0923319,9.84886
1618417006609704000,10,-4,0.0823612,10.7703
1618417006617707000,9,-4,0.0716813,9.84886
1618417006626468000,9,-4,0.061943,9.84886
1618417006633771000,9,-3,0.0524039,9.48683
1618417006641697000,8,-3,0.0440324,8.544
1618417006649751000,6,-3,0.0369131,6.7082
1618417006657716000,5,-2,0.0314319,5.38516
1618417006665700000,3,-1,0.0279007,3.16228
1618417006673722000,2,-1,0.0263402,2.23607
1618417006681739000,1,-1,0.025137,1.41421
1618417006786201000,0,0,0.0240753,0
1618417006865769000,0,0,0.628388,0
1618417006889695000,-3,1,0.628388,3.16228
1618417006897726000,-4,2,0.629795,4.47214
1618417006905685000,-5,4,0.632381,6.40312
1618417006913707000,-6,5,0.637195,7.81025
1618417006921794000,-6,5,0.643221,7.81025
1618417006929743000,-7,6,0.649294,9.21954
1618417006937681000,-7,6,0.656607,9.21954
1618417006945702000,-7,6,0.663978,9.21954
1618417006953684000,-6,4,0.671405,7.2111
1618417006961712000,-5,3,0.676646,5.83095
1618417006969682000,-3,1,0.680704,3.16228
1618417006977708000,-1,-1,0.682337,1.41421
1618417006985838000,2,-6,0.681523,6.32456
1618417006993755000,4,-10,0.674984,10.7703
1618417007001754000,6,-12,0.663951,13.4164
1618417007009751000,9,-15,0.650481,17.4929
1618417007017935000,10,-17,0.633392,19.7231
1618417007025897000,11,-18,0.614139,21.095
1618417007034166000,12,-20,0.59378,23.3238
1618417007041970000,13,-21,0.571332,24.6982
1618417007049871000,13,-22,0.547881,25.5539
1618417007057976000,12,-22,0.523607,25.0599
1618417007065699000,11,-24,0.499654,26.4008
1618417007073780000,10,-24,0.47391,26
1618417007082230000,8,-26,0.448415,27.2029
1618417007089720000,6,-27,0.421078,27.6586
1618417007097976000,5,-27,0.392854,27.4591
1618417007105917000,3,-26,0.364716,26.1725
1618417007113978000,1,-25,0.337662,25.02
1618417007122159000,1,-23,0.311641,23.0217
1618417007130203000,0,-22,0.28771,22
1618417007137954000,0,-21,0.2648,21
1618417007146168000,1,-21,0.242933,21.0238
1618417007153935000,0,-17,0.221102,17
1618417007161822000,0,-17,0.203406,17
1618417007170056000,0,-15,0.185712,15
1618417007177753000,-1,-15,0.170102,15.0333
1618417007185696000,-2,-11,0.154446,11.1803
1618417007193946000,-2,-10,0.142916,10.198
1618417007202037000,-2,-8,0.132447,8.24621
1618417007209914000,-2,-7,0.124089,7.28011
1618417007218201000,-2,-6,0.116806,6.32456
1618417007226070000,-2,-5,0.110604,5.38516
1618417007234026000,-2,-5,0.105491,5.38516
1618417007242006000,-1,-5,0.10043,5.09902
1618417007250056000,-1,-5,0.0953287,5.09902
1618417007258103000,-1,-5,0.0902516,5.09902
1618417007266092000,-1,-5,0.0852032,5.09902
1618417007273962000,-1,-4,0.0801888,4.12311
1618417007281987000,-1,-4,0.0762414,4.12311
1618417007290067000,0,-2,0.0723336,2
1618417007298019000,0,-3,0.0702909,3
1618417007305932000,0,-3,0.0672316,3
1618417007314091000,0,-3,0.0641786,3
1618417007321970000,0,-3,0.0611328,3
1618417007330269000,0,-3,0.0580955,3
1618417007338078000,0,-2,0.055068,2
1618417007346339000,0,-3,0.053056,3
1618417007354017000,0,-2,0.0500488,2
1618417007362148000,0,-3,0.0480523,3
1618417007369952000,0,-3,0.0450725,3
1618417007378025000,0,-3,0.0421137,3
1618417007386046000,0,-4,0.0391807,4
1618417007394071000,0,-4,0.0353212,4
1618417007402143000,0,-5,0.0315401,5
1618417007410159000,0,-5,0.0269739,5
1618417007417947000,1,-6,0.022686,6.08276
1618417007426112000,1,-5,0.0173963,5.09902
1618417007433996000,1,-5,0.0135318,5.09902
1618417007441961000,1,-4,0.0109549,4.12311
1618417007450158000,1,-4,0.010296,4.12311
1618417007458076000,1,-3,0.0113533,3.16228
1618417007466075000,1,-2,0.0128904,2.23607
1618417007474226000,0,0,0.0140809,0
1618417007557301000,0,0,1.86046,0
1618417007570022000,0,3,1.86046,3
1618417007578087000,-1,6,1.85849,6.08276
1618417007585987000,-2,6,1.85373,6.32456
1618417007594121000,-3,8,1.84818,8.544
1618417007601885000,-4,9,1.84051,9.84886
1618417007609873000,-4,11,1.83139,11.7047
1618417007617981000,-5,13,1.82098,13.9284
1618417007625798000,-6,15,1.80849,16.1555
1618417007633908000,-6,16,1.79393,17.088
1618417007641903000,-7,16,1.77876,17.4642
1618417007650044000,-7,17,1.76282,18.3848
1618417007657970000,-9,16,1.7463,18.3576
1618417007665977000,-10,15,1.72878,18.0278
1618417007674011000,-12,15,1.71109,19.2094
1618417007681926000,-13,14,1.69174,19.105
1618417007689912000,-16,14,1.67219,21.2603
1618417007698029000,-18,13,1.65012,22.2036
1618417007705956000,-20,13,1.62699,23.8537
1618417007713917000,-23,15,1.60219,27.4591
1618417007721829000,-26,16,1.57363,30.5287
1618417007729842000,-29,17,1.54194,33.6155
1618417007737831000,-31,19,1.50713,36.3593
1618417007745973000,-34,21,1.46941,39.9625
1618417007754016000,-39,21,1.42795,44.2945
1618417007762359000,-41,22,1.38235,46.5296
1618417007770338000,-43,22,1.3345,48.3011
1618417007777791000,-43,22,1.28505,48.3011
1618417007787548000,-44,24,1.23567,50.1199
1618417007794110000,-44,27,1.18425,51.6236
1618417007802201000,-44,27,1.13093,51.6236
1618417007810033000,-44,25,1.07765,50.6063
1618417007818182000,-43,24,1.02576,49.2443
1618417007826070000,-42,22,0.975432,47.4131
1618417007833920000,-39,22,0.927366,44.7772
1618417007841890000,-36,21,0.88177,41.6773
1618417007850050000,-34,20,0.839296,39.4462
1618417007858034000,-31,18,0.799156,35.8469
1618417007867200000,-28,17,0.762815,32.7567
1618417007873908000,-25,16,0.729538,29.6816
1618417007882060000,-23,14,0.699291,26.9258
1618417007889889000,-21,12,0.672051,24.1868
1618417007898044000,-19,11,0.647827,21.9545
1618417007906041000,-17,11,0.625868,20.2485
1618417007913885000,-16,10,0.605394,18.868
1618417007921993000,-15,11,0.586435,18.6011
1618417007930547000,-13,11,0.567447,17.0294
1618417007937928000,-13,10,0.549873,16.4012
1618417007945945000,-13,10,0.53309,16.4012
1618417007954249000,-13,9,0.516326,15.8114
1618417007962317000,-12,10,0.500374,15.6205
1618417007970646000,-13,8,0.484335,15.2643
1618417007977827000,-13,10,0.469243,16.4012
1618417007986411000,-12,9,0.452591,15
1618417007994509000,-12,10,0.437437,15.6205
1618417008002113000,-11,9,0.4215,14.2127
1618417008010044000,-10,8,0.407051,12.8062
1618417008018127000,-9,7,0.394089,11.4018
1618417008025833000,-9,8,0.382612,12.0416
1618417008033983000,-8,7,0.370323,10.6301
1618417008041890000,-8,7,0.359508,10.6301
1618417008049956000,-8,6,0.348709,10
1618417008057943000,-8,7,0.338777,10.6301
1618417008065944000,-8,8,0.32802,11.3137
1618417008073840000,-8,9,0.316426,12.0416
1618417008082076000,-9,11,0.303984,14.2127
1618417008090174000,-8,11,0.289241,13.6015
1618417008097894000,-7,11,0.275082,13.0384
1618417008105914000,-8,11,0.261505,13.6015
1618417008114575000,-8,10,0.247347,12.8062
1618417008121932000,-8,10,0.234058,12.8062
1618417008129991000,-8,10,0.220776,12.8062
1618417008137892000,-8,10,0.207501,12.8062
1618417008145936000,-8,9,0.194235,12.0416
1618417008154031000,-7,9,0.181864,11.4018
1618417008161809000,-6,8,0.170058,10
1618417008170149000,-6,8,0.159692,10
1618417008178955000,-6,7,0.149334,9.21954
1618417008186069000,-5,7,0.139885,8.60233
1618417008194547000,-5,6,0.13097,7.81025
1618417008202733000,-4,5,0.122973,6.40312
1618417008209742000,-3,5,0.116406,5.83095
1618417008217782000,-4,5,0.110339,6.40312
1618417008225975000,-4,4,0.103787,5.65685
1618417008234112000,-3,4,0.0981836,5
1618417008242065000,-3,5,0.0930656,5.83095
1618417008250105000,-3,4,0.0870172,5
1618417008258164000,-3,5,0.0819169,5.83095
1618417008266098000,-3,5,0.0758807,5.83095
1618417008274059000,-3,5,0.069851,5.83095
1618417008281965000,-3,4,0.0638297,5
1618417008289980000,-2,4,0.058785,4.47214
1618417008297944000,-3,4,0.0541436,5
1618417008305884000,-2,5,0.0491423,5.38516
1618417008313894000,-3,4,0.0435365,5
1618417008321939000,-2,4,0.0385945,4.47214
1618417008329907000,-3,4,0.0340053,5
1618417008338048000,-2,4,0.0291971,4.47214
1618417008345870000,-2,3,0.0247072,3.60555
1618417008353824000,-2,4,0.0213297,4.47214
1618417008361959000,-2,3,0.0170604,3.60555
1618417008369812000,-2,3,0.0140891,3.60555
1618417008378221000,-2,3,0.0115829,3.60555
1618417008386261000,-1,2,0.00990124,2.23607
1618417008393988000,-1,3,0.00918927,3.16228
1618417008402189000,0,0,0.00868659,0
1618417008410159000,-1,3,1.42301,3.16228
1618417008418316000,0,1,1.42498,1
1618417008425844000,0,1,1.42531,1
1618417008434105000,0,1,1.42564,1
1618417008498157000,0,0,1.42597,0
1618417008530197000,3,-2,1.42597,3.60555
1618417008538305000,3,-2,1.42235,3.60555
1618417008545984000,5,-2,1.41873,5.38516
1618417008554530000,8,-3,1.41313,8.544
1618417008561971000,11,-5,1.40423,12.083
1618417008570309000,14,-5,1.39172,14.8661
1618417008578233000,17,-7,1.37623,18.3848
1618417008586038000,21,-7,1.35713,22.1359
1618417008594041000,25,-7,1.33407,25.9615
1618417008602131000,29,-6,1.30706,29.6142
1618417008610141000,32,-7,1.27642,32.7567
1618417008618033000,34,-7,1.24251,34.7131
1618417008626224000,36,-7,1.20663,36.6742
1618417008634185000,38,-8,1.1688,38.833
1618417008642080000,41,-10,1.12868,42.2019
1618417008649732000,42,-10,1.08495,43.1741
1618417008657904000,43,-11,1.04026,44.3847
1618417008665940000,43,-11,0.994249,44.3847
1618417008673919000,44,-13,0.948265,45.8803
1618417008681886000,44,-15,0.900595,46.4866
1618417008689842000,44,-14,0.852198,46.1736
1618417008697857000,44,-13,0.804176,45.8803
1618417008705825000,44,-12,0.75654,45.607
1618417008713866000,44,-11,0.709309,45.3542
1618417008721807000,44,-11,0.662509,45.3542
1618417008729804000,42,-10,0.615778,43.1741
1618417008737782000,39,-9,0.571457,40.025
1618417008745936000,35,-7,0.530523,35.6931
1618417008754033000,33,-7,0.494374,33.7343
1618417008761813000,29,-6,0.460256,29.6142
1618417008769835000,26,-5,0.430483,26.4764
1618417008777898000,24,-5,0.404114,24.5153
1618417008786136000,20,-4,0.379729,20.3961
1618417008793791000,18,-4,0.359618,18.4391
1618417008801888000,15,-5,0.341418,15.8114
1618417008809829000,12,-4,0.325407,12.6491
1618417008818069000,10,-4,0.312632,10.7703
1618417008826778000,9,-4,0.301631,9.84886
1618417008834815000,8,-4,0.291513,8.94427
1618417008841925000,6,-4,0.28227,7.2111
1618417008849928000,6,-3,0.274758,6.7082
1618417008858327000,5,-4,0.267829,6.40312
1618417008865877000,5,-4,0.261181,6.40312
1618417008874333000,5,-4,0.254534,6.40312
1618417008881873000,6,-4,0.247888,7.2111
1618417008890236000,6,-4,0.240377,7.2111
1618417008898157000,6,-5,0.232865,7.81025
1618417008905782000,7,-5,0.224777,8.60233
1618417008914115000,7,-5,0.215822,8.60233
1618417008921797000,7,-4,0.206868,8.06226
1618417008929893000,8,-4,0.198487,8.94427
1618417008937875000,8,-4,0.189241,8.94427
1618417008945884000,9,-4,0.180002,9.84886
1618417008953887000,10,-4,0.169915,10.7703
1618417008961862000,11,-5,0.159003,12.083
1618417008969881000,12,-5,0.146679,13
1618417008977832000,12,-5,0.133582,13
1618417008985909000,12,-4,0.120584,12.6491
1618417008993850000,12,-4,0.108418,12.6491
1618417009001880000,11,-5,0.0965179,12.083
1618417009009841000,12,-4,0.0848913,12.6491
1618417009017811000,11,-5,0.0737891,12.083
1618417009025896000,12,-5,0.0631058,13
1618417009033815000,12,-4,0.0528628,12.6491
1618417009041743000,12,-5,0.0454506,13
1618417009050084000,12,-5,0.0400068,13
1618417009057872000,11,-4,0.0387568,11.7047
1618417009065876000,10,-4,0.0420767,10.7703
1618417009074050000,9,-4,0.0474603,9.84886
1618417009081933000,8,-4,0.0536944,8.94427
1618417009090361000,7,-4,0.0600304,8.06226
1618417009097758000,6,-4,0.0660463,7.2111
1618417009105807000,6,-3,0.0715043,6.7082
1618417009113900000,4,-3,0.077386,5
1618417009121718000,3,-2,0.0813566,3.60555
1618417009129724000,2,-2,0.084426,2.82843
1618417009137722000,1,-2,0.0865072,2.23607
1618417009145680000,1,-1,0.0875966,1.41421
1618417009226223000,-1,-1,0.0886795,1.41421
1618417009233958000,-3,1,0.0876938,3.16228
1618417009242136000,-4,1,0.0845175,4.12311
1618417009249843000,-4,1,0.0803097,4.12311
1618417009258495000,-5,1,0.0761117,5.09902
1618417009265985000,-6,1,0.0708834,6.08276
1618417009274031000,-6,1,0.0646269,6.08276
1618417009281814000,-5,1,0.0583876,5.09902
1618417009289857000,-6,1,0.0532124,6.08276
1618417009297733000,-5,1,0.0470277,5.09902
1618417009305778000,-5,1,0.0419255,5.09902
1618417009313753000,-4,1,0.0368825,4.12311
1618417009322072000,-3,1,0.0329484,3.16228
1618417009329799000,-2,0,0.0301254,2
1618417009337866000,-2,0,0.0281099,2
1618417009345894000,-1,0,0.0261052,1
1618417009361783000,-1,0,0.0251076,1
1618417009402521000,0,0,0.0241137,0
1618417009505815000,0,0,1.37631,0
1618417009529837000,-2,1,1.37631,2.23607
1618417009545780000,-2,0,1.37422,2
1618417009554626000,-3,1,1.37296,3.16228
1618417009561836000,-3,1,1.37025,3.16228
1618417009570079000,-5,1,1.36754,5.09902
1618417009577901000,-6,3,1.36358,6.7082
1618417009585876000,-8,3,1.35734,8.544
1618417009594022000,-10,4,1.34987,10.7703
1618417009601815000,-13,6,1.34034,14.3178
1618417009609792000,-15,8,1.32733,17
1618417009617932000,-17,10,1.31144,19.7231
1618417009625976000,-19,12,1.2927,22.4722
1618417009633795000,-22,13,1.27112,25.5539
1618417009641758000,-24,16,1.24698,28.8444
1618417009649726000,-26,18,1.21919,31.6228
1618417009657707000,-27,20,1.18862,33.6006
1618417009665750000,-27,22,1.15587,34.8281
1618417009673850000,-30,23,1.12148,37.8021
1618417009681785000,-30,25,1.08471,39.0512
1618417009689732000,-29,28,1.04633,40.3113
1618417009697815000,-27,30,1.00593,40.3609
1618417009705758000,-26,31,0.964871,40.4599
1618417009714200000,-26,32,0.923488,41.2311
1618417009721705000,-25,33,0.881259,41.4005
1618417009729837000,-23,32,0.838669,39.4081
1618417009737716000,-21,31,0.79802,37.4433
1618417009745736000,-19,29,0.759291,34.6699
1618417009753787000,-17,27,0.723391,31.9061
1618417009761735000,-15,25,0.690308,29.1548
1618417009769767000,-14,24,0.660031,27.7849
1618417009777751000,-12,22,0.631158,25.0599
1618417009785858000,-10,21,0.605078,23.2594
1618417009793733000,-9,20,0.580851,21.9317
1618417009801796000,-6,19,0.558018,19.9249
1618417009809824000,-5,18,0.53751,18.6815
1618417009817983000,-4,18,0.518421,18.4391
1618417009825830000,-4,18,0.499842,18.4391
1618417009834522000,-4,17,0.481311,17.4642
1618417009841771000,-3,17,0.46375,17.2627
1618417009849791000,-4,17,0.446749,17.4642
1618417009857863000,-3,17,0.429305,17.2627
1618417009865762000,-3,15,0.412461,15.2971
1618417009873774000,-3,15,0.397487,15.2971
1618417009881876000,-3,15,0.382592,15.2971
1618417009890345000,-3,14,0.367783,14.3178
1618417009897906000,-4,13,0.353932,13.6015
1618417009905709000,-5,13,0.340424,13.9284
1618417009913715000,-4,12,0.326364,12.6491
1618417009921808000,-5,12,0.313801,13
1618417009929926000,-4,11,0.300663,11.7047
1618417009937893000,-5,10,0.289023,11.1803
1618417009945876000,-5,10,0.277603,11.1803
1618417009953799000,-5,9,0.266203,10.2956
1618417009961810000,-5,8,0.255634,9.43398
1618417009969839000,-5,8,0.245884,9.43398
1618417009978113000,-6,9,0.23614,10.8167
1618417009985828000,-6,8,0.224935,10
1618417009993865000,-6,8,0.214534,10
1618417010001839000,-7,7,0.204134,9.89949
1618417010009973000,-8,7,0.19386,10.6301
1618417010017805000,-9,8,0.182927,12.0416
1618417010025750000,-9,7,0.170547,11.4018
1618417010033884000,-9,8,0.159016,12.0416
1618417010041790000,-10,8,0.146704,12.8062
1618417010049752000,-9,8,0.133828,12.0416
1618417010057881000,-9,8,0.121635,12.0416
1618417010065897000,-9,7,0.10952,11.4018
1618417010073930000,-8,8,0.0984128,11.3137
1618417010081771000,-7,7,0.0870711,9.89949
1618417010089820000,-6,7,0.0772561,9.21954
1618417010098063000,-6,8,0.0680055,10
1618417010105880000,-5,7,0.0578989,8.60233
1618417010113784000,-4,6,0.0492466,7.2111
1618417010121980000,-4,6,0.0420177,7.2111
1618417010129952000,-3,5,0.0349083,5.83095
1618417010138006000,-3,5,0.0291923,5.83095
1618417010145921000,-2,4,0.0236552,4.47214
1618417010153746000,-2,3,0.0194424,3.60555
1618417010161836000,-1,3,0.0165151,3.16228
1618417010169776000,-1,3,0.0136765,3.16228
1618417010179426000,0,2,0.0110927,2
1618417010185804000,-1,3,0.0092449,3.16228
1618417010193768000,0,2,0.0074962,2
1618417010201983000,-1,3,0.00634933,3.16228
1618417010209785000,0,1,0.00676463,1
1618417010217854000,0,1,0.0068983,1
1618417010225961000,0,1,0.00718212,1
1618417010282395000,0,0,0.00759929,0
1618417010354130000,0,0,0.966659,0
1618417010377991000,0,-2,0.966659,2
1618417010385800000,0,-3,0.964721,3
1618417010393906000,0,-4,0.961816,4
1618417010401863000,0,-4,0.957945,4
1618417010409828000,1,-6,0.954076,6.08276
1618417010418038000,2,-8,0.948669,8.24621
1618417010425833000,2,-11,0.94174,11.1803
1618417010433805000,3,-15,0.931956,15.2971
1618417010441716000,4,-19,0.918797,19.4165
1618417010449798000,5,-24,0.902342,24.5153
1618417010458000000,4,-27,0.881757,27.2947
1618417010465883000,1,-29,0.858173,29.0172
1618417010473774000,0,-28,0.831612,28
1618417010481781000,-3,-29,0.805741,29.1548
1618417010489920000,-6,-26,0.77768,26.6833
1618417010497838000,-9,-25,0.750976,26.5707
1618417010505935000,-13,-25,0.723699,28.178
1618417010513800000,-16,-25,0.694372,29.6816
1618417010521823000,-20,-24,0.663491,31.241
1618417010529816000,-21,-26,0.631476,33.4215
1618417010537924000,-22,-27,0.597191,34.8281
1618417010546253000,-22,-28,0.561562,35.609
1618417010554135000,-22,-28,0.525095,35.609
1618417010562954000,-19,-28,0.488723,33.8378
1618417010570100000,-18,-27,0.45382,32.45
1618417010578147000,-16,-25,0.420361,29.6816
1618417010586014000,-15,-24,0.389722,28.3019
1618417010593778000,-15,-24,0.360506,28.3019
1618417010602428000,-15,-22,0.331336,26.6271
1618417010609969000,-13,-22,0.304154,25.5539
1618417010618036000,-13,-21,0.277839,24.6982
1618417010625896000,-12,-19,0.252563,22.4722
1618417010633800000,-10,-19,0.229699,21.4709
1618417010641775000,-9,-18,0.207604,20.1246
1618417010649831000,-7,-18,0.186879,19.3132
1618417010657952000,-8,-17,0.16681,18.7883
1618417010666078000,-5,-16,0.147466,16.7631
1618417010673884000,-4,-16,0.13001,16.4924
1618417010681876000,-4,-15,0.112839,15.5242
1618417010689973000,-5,-13,0.0966714,13.9284
1618417010697873000,-4,-13,0.0822246,13.6015
1618417010706110000,-6,-11,0.0680649,12.53
1618417010714357000,-5,-9,0.0554699,10.2956
1618417010722007000,-5,-8,0.0453448,9.43398
1618417010730292000,-4,-7,0.0366142,8.06226
1618417010738060000,-3,-5,0.029499,5.83095
1618417010745990000,-2,-4,0.0249487,4.47214
1618417010754251000,-1,-2,0.0216815,2.23607
1618417010761971000,-1,-2,0.0202531,2.23607
1618417010778280000,-1,-1,0.0190037,1.41421
1618417010793860000,0,-1,0.0187762,1
1618417010801877000,0,-1,0.0179706,1
1618417010809844000,0,-1,0.0171905,1
1618417010817735000,0,-1,0.0164394,1
1618417010825665000,0,-1,0.0157214,1
1618417010898664000,0,0,0.0150413,0
1618417010970035000,0,0,0.479071,0
1618417011049978000,-1,-2,0.479071,2.23607
1618417011058031000,-1,-2,0.477983,2.23607
1618417011065848000,-2,-3,0.476903,3.60555
1618417011073885000,-5,-5,0.47478,7.07107
1618417011081895000,-8,-5,0.46955,9.43398
1618417011089864000,-11,-6,0.461254,12.53
1618417011098039000,-14,-6,0.449922,15.2315
1618417011105864000,-18,-5,0.435562,18.6815
1618417011113896000,-21,-3,0.417092,21.2132
1618417011121995000,-23,-1,0.395452,23.0217
1618417011130141000,-25,-1,0.371629,25.02
1618417011139158000,-25,0,0.34575,25
1618417011145853000,-27,0,0.319806,27
1618417011154033000,-28,2,0.291806,28.0713
1618417011162225000,-27,4,0.262578,27.2947
1618417011169782000,-28,3,0.234178,28.1603
1618417011179027000,-30,2,0.204847,30.0666
1618417011185997000,-30,1,0.173542,30.0167
1618417011193826000,-27,0,0.142359,27
1618417011202046000,-26,0,0.114464,26
1618417011210073000,-23,-2,0.0877411,23.0868
1618417011217871000,-18,-2,0.0649113,18.1108
1618417011226055000,-14,-2,0.0480752,14.1421
1618417011234133000,-11,-2,0.0366669,11.1803
1618417011241852000,-7,-1,0.0301848,7.07107
1618417011250190000,-5,-1,0.0276033,5.09902
1618417011258182000,-3,-1,0.0271592,3.16228
1618417011266064000,-2,-1,0.0278039,2.23607
1618417011426425000,0,0,0.0287856,0
1618417011514036000,0,0,1.07043,0
1618417011570027000,-1,-1,1.07043,1.41421
1618417011578138000,3,-1,1.07168,3.16228
1618417011586007000,7,-4,1.06887,8.06226
1618417011593942000,13,-5,1.06271,13.9284
1618417011602008000,18,-6,1.05076,18.9737
1618417011610100000,24,-6,1.03408,24.7386
1618417011617897000,30,-7,1.01147,30.8058
1618417011625962000,35,-6,0.983287,35.5106
1618417011633883000,40,-3,0.950064,40.1123
1618417011642095000,42,-2,0.911213,42.0476
1618417011650003000,43,-1,0.870326,43.0116
1618417011657917000,42,0,0.828402,42
1618417011665966000,45,3,0.787396,45.0999
1618417011673990000,44,7,0.74263,44.5533
1618417011681977000,44,9,0.697482,44.911
1618417011690045000,44,10,0.651673,45.1221
1618417011697954000,44,14,0.605579,46.1736
1618417011706012000,44,18,0.557856,47.5395
1618417011713924000,44,20,0.508403,48.3322
1618417011721954000,40,21,0.458065,45.1774
1618417011729968000,37,21,0.411044,42.5441
1618417011737949000,34,19,0.36687,38.9487
1618417011745701000,29,16,0.326438,33.121
1618417011754672000,25,14,0.292069,28.6531
1618417011762366000,20,12,0.262384,23.3238
1618417011770117000,16,9,0.23835,18.3576
1618417011778237000,12,8,0.219392,14.4222
1618417011785880000,8,6,0.204732,10
1618417011794039000,5,6,0.194754,7.81025
1618417011802420000,3,6,0.187784,6.7082
1618417011809977000,2,6,0.182904,6.32456
1618417011818124000,1,6,0.179169,6.08276
1618417011826072000,0,5,0.176614,5
1618417011834098000,0,6,0.175483,6
1618417011841976000,0,6,0.174321,6
1618417011850023000,0,5,0.173377,5
1618417011857965000,0,4,0.172759,4
1618417011865876000,1,4,0.172377,4.12311
1618417011873888000,0,1,0.171054,1
1618417011882076000,1,2,0.170999,2.23607
1618417011889934000,2,1,0.169866,2.23607
1618417011897941000,3,0,0.167748,3
1618417011905957000,6,0,0.164624,6
1618417011914008000,9,0,0.158378,9
1618417011921914000,13,0,0.149009,13
1618417011930018000,15,0,0.135477,15
1618417011938021000,18,0,0.119866,18
1618417011945926000,19,0,0.101139,19
1618417011954131000,19,0,0.0813826,19
1618417011962172000,19,0,0.0616492,19
1618417011969935000,18,0,0.0419706,18
1618417011978038000,16,1,0.0235036,16.0312
1618417011985953000,13,1,0.00759644,13.0384
1618417011994047000,12,1,0.00806683,12.0416
1618417012001977000,10,2,0.0199736,10.198
1618417012010452000,8,1,0.0302578,8.06226
1618417012018138000,6,2,0.038599,6.32456
1618417012026049000,4,1,0.0449343,4.12311
1618417012034014000,2,1,0.0491656,2.23607
1618417012106234000,0,0,0.0513332,0
1618417012210741000,0,0,0.0513332,0
1618417012225917000,-2,-1,0.0513332,2.23607
1618417012234041000,-2,0,0.0491656,2
1618417012242924000,-6,-1,0.0470893,6.08276
1618417012249885000,-6,-1,0.0407772,6.08276
1618417012258160000,-7,-1,0.034474,7.07107
1618417012265803000,-7,0,0.0271444,7
1618417012273890000,-8,0,0.0198573,8
1618417012281826000,-8,0,0.0115362,8
1618417012290065000,-9,1,0.0032781,9.05539
1618417012298061000,-7,1,0.00647505,7.07107
1618417012305820000,-6,1,0.0138021,6.08276
1618417012313864000,-3,1,0.0201335,3.16228
1618417012322051000,-1,0,0.0234056,1
1618417012329750000,0,0,0.0244244,0
1618417012394042000,0,0,0.736804,0
1618417012418151000,-1,0,0.736804,1
1618417012425866000,-1,0,0.736338,1
1618417012434092000,-2,-1,0.735874,2.23607
1618417012441785000,-1,-2,0.734014,2.23607
1618417012449968000,-2,-3,0.731685,3.60555
1618417012458280000,-1,-5,0.72796,5.09902
1618417012466168000,-3,-6,0.722831,6.7082
1618417012473935000,-4,-7,0.715843,8.06226
1618417012481927000,-5,-10,0.707459,11.1803
1618417012490758000,-8,-13,0.695813,15.2643
1618417012498012000,-11,-15,0.67998,18.6011
1618417012505945000,-14,-18,0.660907,22.8035
1618417012513867000,-15,-20,0.637683,25
1618417012521977000,-18,-22,0.612172,28.4253
1618417012529820000,-20,-25,0.583518,32.0156
1618417012538288000,-21,-26,0.551268,33.4215
1618417012545790000,-22,-27,0.517796,34.8281
1618417012553908000,-21,-29,0.483164,35.805
1618417012561986000,-20,-30,0.447189,36.0555
1618417012569853000,-18,-28,0.410795,33.2866
1618417012578344000,-17,-28,0.377241,32.7567
1618417012585814000,-15,-26,0.344198,30.0167
1618417012593996000,-13,-25,0.31393,28.178
1618417012602025000,-12,-22,0.28537,25.0599
1618417012610572000,-13,-20,0.260262,23.8537
1618417012618106000,-13,-19,0.237242,23.0217
1618417012625847000,-13,-18,0.215664,22.2036
1618417012634061000,-11,-17,0.195688,20.2485
1618417012641736000,-10,-16,0.177535,18.868
1618417012649900000,-11,-15,0.161085,18.6011
1618417012657913000,-9,-13,0.146605,15.8114
1618417012666040000,-8,-12,0.13493,14.4222
1618417012673915000,-6,-10,0.125016,11.6619
1618417012681982000,-4,-10,0.117324,10.7703
1618417012689810000,-3,-9,0.109503,9.48683
1618417012697914000,-3,-8,0.10269,8.544
1618417012705876000,-2,-7,0.0972716,7.28011
1618417012713753000,-1,-5,0.0925727,5.09902
1618417012721748000,0,-3,0.0891706,3
1618417012730001000,-1,-3,0.0868057,3.16228
1618417012745796000,0,-1,0.0852026,1
1618417012778289000,0,-1,0.0844488,1
1618417012785976000,0,-1,0.0837013,1
1618417012794465000,0,-2,0.0829601,2
1618417012802004000,0,-4,0.0814973,4
1618417012809901000,1,-6,0.0786559,6.08276
1618417012817984000,1,-6,0.073813,6.08276
1618417012826041000,1,-6,0.0692117,6.08276
1618417012834126000,2,-6,0.0649034,6.32456
1618417012842199000,2,-6,0.0600229,6.32456
1618417012850284000,3,-5,0.0554963,5.83095
1618417012857886000,3,-4,0.0507421,5
1618417012865875000,4,-5,0.046553,6.40312
1618417012874396000,4,-3,0.0413842,5
1618417012882024000,5,-3,0.036846,5.83095
1618417012890520000,4,-2,0.0314677,4.47214
1618417012898395000,4,-2,0.0273473,4.47214
1618417012906277000,3,-1,0.0234293,3.16228
1618417012913985000,2,-1,0.0205663,2.23607
1618417012921913000,2,-1,0.0188406,2.23607
1618417012938015000,1,0,0.0172573,1
1618417012962246000,1,0,0.0163065,1
1618417012970138000,1,0,0.0153674,1
1618417012978321000,1,0,0.0144424,1
1618417012985802000,1,0,0.0135344,1
1618417012994006000,2,0,0.012647,2
1618417013002177000,4,1,0.010954,4.12311
1618417013010118000,4,2,0.00727543,4.47214
1618417013018245000,5,3,0.00373111,5.83095
1618417013026385000,5,2,0.00502963,5.38516
1618417013033864000,4,2,0.0103093,4.47214
1618417013041972000,4,2,0.0148048,4.47214
1618417013050478000,2,1,0.0193774,2.23607
1618417013066354000,0,0,0.0216774,0
1618417013122848000,0,0,0.718064,0
1618417013202069000,1,0,0.718064,1
1618417013209917000,1,0,0.719093,1
1618417013218334000,3,0,0.720122,3
1618417013226118000,5,1,0.723211,5.09902
1618417013233962000,4,1,0.728517,4.12311
1618417013242445000,4,0,0.732794,4
1618417013250145000,5,0,0.736912,5
1618417013258282000,5,-1,0.74206,5.09902
1618417013266243000,4,-4,0.747053,5.65685
1618417013274355000,3,-7,0.750568,7.61577
1618417013281830000,0,-8,0.75266,8
1618417013289786000,-2,-10,0.751601,10.198
1618417013297818000,-6,-9,0.748335,10.8167
1618417013305872000,-9,-8,0.741157,12.0416
1618417013313880000,-12,-8,0.731058,14.4222
1618417013321825000,-16,-8,0.71792,17.8885
1618417013329828000,-21,-8,0.7007,22.4722
1618417013337794000,-25,-7,0.678354,25.9615
1618417013345768000,-31,-8,0.651968,32.0156
1618417013353832000,-37,-10,0.619354,38.3275
1618417013361827000,-41,-10,0.580527,42.2019
1618417013369820000,-42,-11,0.537693,43.4166
1618417013378173000,-43,-11,0.494034,44.3847
1618417013385820000,-44,-11,0.449643,45.3542
1618417013394087000,-41,-9,0.404626,41.9762
1618417013401868000,-37,-7,0.363036,37.6563
1618417013409823000,-33,-3,0.325804,33.1361
1618417013417720000,-28,-2,0.292413,28.0713
1618417013425767000,-23,-1,0.264191,23.0217
1618417013433901000,-17,0,0.241035,17
1618417013441777000,-15,1,0.223839,15.0333
1618417013449694000,-11,2,0.208463,11.1803
1618417013457687000,-7,3,0.19686,7.61577
1618417013465696000,-4,3,0.189003,5
1618417013474249000,-4,3,0.184177,5
1618417013482085000,-4,4,0.179372,5.65685
1618417013489668000,-4,4,0.174355,5.65685
1618417013497722000,-5,5,0.169394,7.07107
1618417013505723000,-6,5,0.163281,7.81025
1618417013514295000,-7,5,0.156245,8.60233
1618417013521801000,-8,5,0.148289,9.43398
1618417013529734000,-9,5,0.139417,10.2956
1618417013537773000,-9,6,0.129642,10.8167
1618417013545845000,-10,5,0.120004,11.1803
1618417013557063000,-11,5,0.109602,12.083
1618417013561700000,-10,3,0.0984376,10.4403
1618417013569708000,-9,3,0.0884012,9.48683
1618417013577708000,-9,2,0.0796129,9.21954
1618417013585724000,-8,1,0.0708641,8.06226
1618417013593707000,-6,0,0.0630669,6
1618417013601716000,-4,0,0.0570869,4
1618417013609703000,-2,0,0.0531347,2
1618417013617701000,-1,0,0.0511714,1
1618417013625730000,-1,0,0.0501934,1
1618417013665821000,-1,0,0.049218,1
1618417013673861000,-3,-1,0.0482454,3.16228
1618417013681795000,-3,-1,0.0449555,3.16228
1618417013689784000,-5,-2,0.0416662,5.38516
1618417013697856000,-6,-3,0.0360567,6.7082
1618417013705716000,-6,-2,0.0291014,6.32456
1618417013713856000,-6,-2,0.0225184,6.32456
1618417013721858000,-5,-2,0.0159396,5.38516
1618417013729711000,-3,-2,0.0103301,3.60555
1618417013737793000,-2,-1,0.00669169,2.23607
1618417013794542000,0,0,0.00442513,0
1618417013881718000,0,0,0.363616,0
1618417013921732000,3,-2,0.363616,3.60555
1618417013929688000,5,0,0.365585,5
1618417013937740000,10,0,0.365458,10
1618417013945721000,15,0,0.365425,15
1618417013953702000,21,0,0.365933,21
1618417013961703000,27,1,0.367759,27.0185
1618417013969669000,29,4,0.370965,29.2746
1618417013977666000,33,6,0.37379,33.541
1618417013985685000,33,9,0.378557,34.2053
1618417013993667000,32,10,0.383626,33.5261
1618417014001649000,28,12,0.390453,30.4631
1618417014009692000,23,12,0.396092,25.9422
1618417014017680000,17,11,0.400816,20.2485
1618417014025684000,12,11,0.403792,16.2788
1618417014033808000,6,8,0.404146,10
1618417014041859000,1,7,0.402788,7.07107
1618417014049722000,-2,9,0.398556,9.21954
1618417014057950000,-6,9,0.3907,10.8167
1618417014066014000,-9,9,0.379794,12.7279
1618417014073860000,-11,9,0.366561,14.2127
1618417014081886000,-14,10,0.351767,17.2047
1618417014089871000,-16,10,0.333948,18.868
1618417014097940000,-18,11,0.314599,21.095
1618417014105889000,-19,12,0.293059,22.4722
1618417014113843000,-18,11,0.270116,21.095
1618417014121855000,-17,12,0.248733,20.8087
1618417014129881000,-16,12,0.227425,20
1618417014137812000,-15,12,0.2069,19.2094
1618417014145823000,-14,11,0.187137,17.8045
1618417014153847000,-13,10,0.168902,16.4012
1618417014161872000,-11,9,0.152209,14.2127
1618417014169747000,-10,9,0.137718,13.4536
1618417014179233000,-8,8,0.123928,11.3137
1618417014185917000,-7,9,0.112264,11.4018
1618417014193866000,-6,9,0.100391,10.8167
1618417014201936000,-5,8,0.0891362,9.43398
1618417014209723000,-5,8,0.0793431,9.43398
1618417014217770000,-4,7,0.0695596,8.06226
1618417014225869000,-4,6,0.0612548,7.2111
1618417014234012000,-4,5,0.0537782,6.40312
1618417014241857000,-3,4,0.0471092,5
1618417014249959000,-3,3,0.0419081,4.24264
1618417014257939000,-2,3,0.037507,3.60555
1618417014266084000,-2,2,0.0337725,2.82843
1618417014273887000,-2,2,0.0308379,2.82843
1618417014282053000,-1,1,0.0279057,1.41421
1618417014289922000,-1,1,0.0264407,1.41421
1618417014337922000,0,1,0.0249768,1
1618417014345917000,-1,2,0.0241693,2.23607
1618417014361769000,-1,3,0.02191,3.16228
1618417014369806000,-1,2,0.0189198,2.23607
1618417014377876000,0,0,0.01673,0
1618417014385888000,-1,2,0.409202,2.23607
1618417014442043000,0,0,0.407018,0
1618417014450191000,2,1,0.407018,2.23607
1618417014458557000,3,-1,0.406211,3.16228
1618417014465918000,4,0,0.407608,4
1618417014473905000,8,0,0.408127,8
1618417014481937000,12,2,0.40929,12.1655
1618417014489775000,16,3,0.409297,16.2788
1618417014498078000,20,4,0.409576,20.3961
1618417014506021000,23,5,0.41066,23.5372
1618417014513873000,25,5,0.412862,25.4951
1618417014521902000,25,7,0.417298,25.9615
1618417014529951000,24,10,0.421489,26
1618417014537918000,21,12,0.424127,24.1868
1618417014545955000,16,15,0.425001,21.9317
1618417014553686000,14,17,0.421745,22.0227
1618417014561900000,10,19,0.416775,21.4709
1618417014569907000,7,22,0.40867,23.0868
1618417014577855000,3,23,0.397228,23.1948
1618417014585865000,0,21,0.383134,21
1618417014593684000,-4,23,0.368955,23.3452
1618417014601824000,-7,19,0.350968,20.2485
1618417014609746000,-10,18,0.333531,20.5913
1618417014617811000,-12,17,0.314466,20.8087
1618417014625719000,-14,15,0.294479,20.5183
1618417014633831000,-15,14,0.273971,20.5183
1618417014641831000,-16,12,0.253194,20
1618417014649827000,-16,11,0.232579,19.4165
1618417014657979000,-17,10,0.212488,19.7231
1618417014666059000,-17,10,0.191972,19.7231
1618417014673965000,-16,10,0.171462,18.868
1618417014681988000,-15,9,0.151896,17.4929
1618417014689987000,-14,10,0.133744,17.2047
1618417014697912000,-13,9,0.116132,15.8114
1618417014705983000,-10,8,0.0999892,12.8062
1618417014714256000,-9,6,0.0872668,10.8167
1618417014721843000,-7,4,0.0763722,8.06226
1618417014729769000,-5,4,0.0681757,6.40312
1618417014737924000,-4,2,0.0620535,4.47214
1618417014745764000,-3,1,0.0575139,3.16228
1618417014753792000,-2,1,0.0542351,2.23607
1618417014761790000,-2,1,0.0519762,2.23607
1618417014769878000,-2,1,0.0497237,2.23607
1618417014786066000,-2,0,0.0474786,2
1618417014793868000,-2,0,0.0454335,2
1618417014802417000,-4,1,0.043392,4.12311
1618417014810162000,-4,1,0.0391007,4.12311
1618417014817929000,-4,1,0.0348105,4.12311
1618417014826046000,-4,0,0.0305216,4
1618417014834095000,-6,0,0.0264404,6
1618417014842035000,-6,0,0.0203838,6
1618417014849805000,-6,0,0.0144922,6
1618417014857873000,-6,1,0.00909253,6.08276
1618417014866380000,-5,1,0.00475455,5.09902
1618417014874132000,-2,0,0.00570874,2
1618417014882146000,-3,1,0.00743266,3.16228
1618417014898215000,-1,0,0.00994977,1
1618417014922156000,0,0,0.0109586,0
1618417014986095000,0,0,0.824581,0
1618417014994575000,5,0,0.824581,5
1618417015002075000,8,0,0.822898,8
1618417015009920000,12,1,0.820265,12.0416
1618417015018169000,14,2,0.815466,14.1421
1618417015026157000,16,3,0.809243,16.2788
1618417015034026000,17,4,0.801686,17.4642
1618417015042096000,17,5,0.793154,17.72
1618417015050015000,17,8,0.783936,18.7883
1618417015057961000,17,11,0.771989,20.2485
1618417015065966000,15,13,0.757287,19.8494
1618417015073957000,13,15,0.741188,19.8494
1618417015081999000,10,17,0.72358,19.7231
1618417015090105000,8,19,0.704518,20.6155
1618417015098089000,6,19,0.683756,19.9249
1618417015106194000,4,19,0.663308,19.4165
1618417015113972000,2,18,0.643143,18.1108
1618417015122145000,1,17,0.624281,17.0294
1618417015130191000,1,17,0.606587,17.0294
1618417015137917000,0,16,0.588896,16
1618417015145941000,0,16,0.572382,16
1618417015154027000,0,15,0.555876,15
1618417015161965000,0,14,0.540411,14
1618417015169940000,0,14,0.525986,14
1618417015178894000,2,14,0.51157,14.1421
1618417015185987000,2,14,0.496839,14.1421
1618417015193782000,3,14,0.482109,14.3178
1618417015202065000,5,14,0.46722,14.8661
1618417015209985000,6,14,0.452024,15.2315
1618417015217923000,6,15,0.436705,16.1555
1618417015226226000,6,15,0.420394,16.1555
1618417015233916000,6,16,0.404125,17.088
1618417015241841000,6,17,0.386867,18.0278
1618417015250019000,7,18,0.368625,19.3132
1618417015257817000,7,19,0.349317,20.2485
1618417015266023000,6,19,0.329067,19.9249
1618417015274111000,5,19,0.308974,19.6469
1618417015281891000,5,19,0.289004,19.6469
1618417015290003000,4,19,0.269107,19.4165
1618417015298038000,4,18,0.249297,18.4391
1618417015306556000,3,17,0.230601,17.2627
1618417015314094000,3,16,0.212995,16.2788
1618417015322088000,3,14,0.196496,14.3178
1618417015330193000,3,13,0.18216,13.3417
1618417015338102000,3,11,0.16896,11.4018
1618417015346126000,3,9,0.157947,9.48683
1618417015354194000,3,7,0.149125,7.61577
1618417015362005000,3,6,0.142489,6.7082
1618417015370009000,3,5,0.137009,5.83095
1618417015377921000,2,4,0.132679,4.47214
1618417015386034000,1,4,0.129202,4.12311
1618417015393855000,1,2,0.125496,2.23607
1618417015402303000,0,1,0.123813,1
1618417015409981000,0,1,0.122821,1
1618417015418271000,0,1,0.121829,1
1618417015426573000,0,1,0.120838,1
1618417015434123000,0,2,0.119847,2
1618417015442120000,0,2,0.11787,2
1618417015450105000,0,4,0.115896,4
1618417015457898000,-1,6,0.111959,6.08276
1618417015465889000,-1,5,0.105726,5.09902
1618417015473925000,-2,6,0.100479,6.32456
1618417015482187000,-2,7,0.0938962,7.28011
1618417015490167000,-2,7,0.0863411,7.28011
1618417015497989000,-3,7,0.0787914,7.61577
1618417015506771000,-3,8,0.0708617,8.544
1618417015513932000,-3,7,0.0619629,7.61577
1618417015522183000,-3,7,0.0540335,7.61577
1618417015530185000,-2,7,0.0461054,7.28011
1618417015538503000,-2,7,0.0385571,7.28011
1618417015546297000,-2,6,0.031026,6.32456
1618417015553898000,-1,6,0.02447,6.08276
1618417015562105000,-1,6,0.0184359,6.08276
1618417015569718000,-1,5,0.0126998,5.09902
1618417015578151000,-1,5,0.00844263,5.09902
1618417015586481000,-1,5,0.00613963,5.09902
1618417015595176000,-1,5,0.00778049,5.09902
1618417015601741000,-1,5,0.0118238,5.09902
1618417015610001000,0,0,0.0165979,0
1618417015617771000,-1,5,1.8669,5.09902
1618417015626089000,0,3,1.87212,3
1618417015634073000,-1,5,1.87502,5.09902
1618417015642014000,-1,4,1.88024,4.12311
1618417015650095000,0,2,1.8845,2
1618417015658189000,0,1,1.88643,1
1618417015666016000,0,1,1.8874,1
1618417015682137000,0,0,1.88837,0
1618417015698179000,1,-1,1.88837,1.41421
1618417015706000000,2,-2,1.88702,2.82843
1618417015713824000,4,-2,1.88431,4.47214
1618417015721833000,6,-2,1.88084,6.32456
1618417015730125000,8,-3,1.87661,8.544
1618417015738321000,11,-4,1.87067,11.7047
1618417015746080000,14,-4,1.86266,14.5602
1618417015753957000,16,-5,1.8536,16.7631
1618417015762151000,18,-4,1.84292,18.4391
1618417015770017000,22,-5,1.83263,22.561
1618417015777924000,25,-6,1.82013,25.7099
1618417015785957000,28,-9,1.80589,29.4109
1618417015794412000,33,-12,1.78801,35.1141
1618417015801864000,34,-17,1.76599,38.0132
1618417015810020000,35,-20,1.73917,40.3113
1618417015818049000,33,-22,1.70956,39.6611
1618417015825991000,32,-25,1.67894,40.6079
1618417015834031000,28,-28,1.64597,39.598
1618417015841975000,26,-31,1.61123,40.4599
1618417015850165000,24,-34,1.57415,41.6173
1618417015857995000,23,-38,1.53464,44.4185
1618417015866144000,21,-41,1.49141,46.0652
1618417015874051000,18,-42,1.44563,45.6946
1618417015882578000,15,-43,1.39945,45.5412
1618417015889917000,15,-45,1.3528,47.4342
1618417015898048000,16,-45,1.30415,47.7598
1618417015906142000,19,-44,1.25541,47.927
1618417015913990000,20,-44,1.2074,48.3322
1618417015921813000,21,-44,1.15943,48.7545
1618417015930304000,19,-41,1.11157,45.1885
1618417015938612000,19,-39,1.06727,43.382
1618417015946347000,18,-38,1.02529,42.0476
1618417015954107000,17,-37,0.984689,40.7185
1618417015962542000,15,-36,0.945449,39
1618417015970170000,15,-37,0.907569,39.9249
1618417015977963000,15,-37,0.868896,39.9249
1618417015986080000,14,-35,0.830504,37.6962
1618417015993774000,13,-34,0.794476,36.4005
1618417016001865000,10,-33,0.759749,34.4819
1618417016009881000,8,-32,0.726139,32.9848
1618417016017886000,8,-31,0.693606,32.0156
1618417016025795000,6,-32,0.662295,32.5576
1618417016033881000,6,-31,0.629899,31.5753
1618417016041851000,3,-30,0.598704,30.1496
1618417016049897000,2,-28,0.568244,28.0713
1618417016057936000,0,-27,0.539775,27
1618417016065849000,-2,-29,0.512053,29.0689
1618417016074104000,-4,-28,0.481951,28.2843
1618417016082146000,-7,-27,0.452512,27.8927
1618417016089941000,-8,-25,0.423534,26.2488
1618417016097781000,-11,-23,0.396443,25.4951
1618417016105798000,-11,-21,0.370967,23.7065
1618417016113975000,-9,-19,0.347721,21.0238
1618417016121806000,-8,-16,0.326974,17.8885
1618417016130037000,-5,-14,0.30959,14.8661
1618417016138130000,-3,-12,0.294644,12.3693
1618417016146037000,-2,-11,0.281962,11.1803
1618417016153989000,-2,-10,0.270398,10.198
1618417016162232000,-2,-9,0.259882,9.21954
1618417016169889000,-2,-8,0.250415,8.24621
1618417016177877000,-2,-8,0.242,8.24621
1618417016185859000,-1,-7,0.233598,7.07107
1618417016193962000,-1,-5,0.226278,5.09902
1618417016201926000,-1,-4,0.221044,4.12311
1618417016209942000,0,-1,0.216855,1
1618417016217973000,0,-1,0.215814,1
1618417016242364000,0,-1,0.214773,1
1618417016249907000,0,-3,0.213731,3
1618417016257868000,0,-4,0.210607,4
1618417016265913000,1,-7,0.206441,7.07107
1618417016274024000,0,-6,0.199176,6
1618417016281837000,0,-8,0.192929,8
1618417016289875000,0,-9,0.184599,9
1618417016297844000,0,-8,0.175228,8
1618417016305875000,0,-9,0.166899,9
1618417016314163000,0,-8,0.157529,8
1618417016322072000,0,-8,0.149201,8
1618417016330208000,0,-8,0.140873,8
1618417016338045000,0,-8,0.132546,8
1618417016345863000,0,-8,0.12422,8
1618417016353746000,0,-8,0.115895,8
1618417016362460000,-2,-8,0.107571,8.24621
1618417016369911000,-1,-7,0.0991584,7.07107
1618417016377805000,-1,-6,0.0918397,6.08276
1618417016385942000,-1,-6,0.0855707,6.08276
1618417016393967000,-2,-6,0.0793125,6.32456
1618417016402033000,-1,-6,0.0730878,6.08276
1618417016410197000,-1,-6,0.0668783,6.08276
1618417016417965000,-1,-6,0.060695,6.08276
1618417016426867000,-1,-6,0.0545468,6.08276
1618417016433827000,-1,-6,0.0484471,6.08276
1618417016442333000,-1,-5,0.0424168,5.09902
1618417016450273000,-1,-4,0.0375062,4.12311
1618417016458012000,-1,-3,0.0337219,3.16228
1618417016466095000,-1,-2,0.0310562,2.23607
1618417016474258000,0,-1,0.0294814,1
1618417016481863000,0,-1,0.0285221,1
1618417016506578000,0,0,0.0275688,0
1618417016578886000,0,0,1.36604,0
1618417016594167000,0,-1,1.36604,1
1618417016617968000,1,-1,1.36694,1.41421
1618417016633813000,2,0,1.36733,2
1618417016641888000,6,1,1.3663,6.08276
1618417016649847000,8,3,1.36231,8.544
1618417016657925000,10,6,1.3555,11.6619
1618417016665969000,12,9,1.34497,15
1618417016673976000,14,13,1.33073,19.105
1618417016681819000,17,17,1.31186,24.0416
1618417016689998000,21,21,1.28788,29.6985
1618417016697806000,25,24,1.25831,34.6554
1618417016705970000,28,26,1.22413,38.2099
1618417016713776000,32,28,1.18679,42.5206
1618417016721937000,34,29,1.14594,44.6878
1618417016729914000,36,29,1.10353,46.2277
1618417016737883000,36,29,1.06064,46.2277
1618417016745986000,36,29,1.01821,46.2277
1618417016753998000,36,30,0.976323,46.8615
1618417016762808000,34,31,0.934053,46.0109
1618417016770122000,33,33,0.892101,46.669
1618417016778044000,31,35,0.849078,46.7547
1618417016786225000,30,36,0.805213,46.8615
1618417016794147000,29,38,0.761166,47.8017
1618417016801989000,27,39,0.715911,47.4342
1618417016809943000,24,41,0.67064,47.5079
1618417016817849000,23,40,0.624398,46.1411
1618417016826081000,19,38,0.579853,42.4853
1618417016834192000,17,37,0.538367,40.7185
1618417016842035000,15,36,0.49853,39
1618417016849935000,13,33,0.460271,35.4683
1618417016858090000,11,31,0.425591,32.8938
1618417016866149000,8,28,0.393361,29.1204
1618417016873705000,5,24,0.364475,24.5153
1618417016881830000,1,19,0.339789,19.0263
1618417016890129000,-1,16,0.32011,16.0312
1618417016897954000,-3,14,0.303412,14.3178
1618417016905731000,-3,13,0.288652,13.3417
1618417016914148000,-4,12,0.274949,12.6491
1618417016921875000,-5,12,0.262262,13
1618417016930286000,-4,11,0.249599,11.7047
1618417016938191000,-5,11,0.23808,12.083
1618417016946477000,-4,10,0.226646,10.7703
1618417016953883000,-4,9,0.216341,9.84886
1618417016962016000,-4,8,0.207171,8.94427
1618417016969713000,-3,8,0.199147,8.544
1618417016978369000,-3,8,0.191131,8.544
1618417016985818000,-3,8,0.183198,8.544
1618417016993838000,-2,7,0.175357,7.28011
1618417017001762000,-2,7,0.168475,7.28011
1618417017010122000,-2,7,0.161656,7.28011
1618417017018066000,-1,8,0.154908,8.06226
1618417017025711000,-1,8,0.14699,8.06226
1618417017033670000,-2,8,0.139129,8.24621
1618417017041687000,-1,8,0.131615,8.06226
1618417017049885000,0,8,0.123926,8
1618417017057685000,0,9,0.115999,9
1618417017065744000,0,10,0.107154,10
1618417017073764000,0,9,0.0974437,9
1618417017081814000,0,9,0.0888408,9
1618417017089671000,0,8,0.0804108,8
1618417017097974000,0,9,0.0731109,9
1618417017105677000,0,8,0.0651953,8
1618417017113849000,0,8,0.0585224,8
1618417017121765000,0,8,0.0523279,8
1618417017129824000,0,7,0.046802,7
1618417017137970000,0,7,0.0427206,7
1618417017145667000,0,6,0.0395729,6
1618417017153904000,0,5,0.037797,5
1618417017161941000,0,4,0.0370648,4
1618417017169828000,0,3,0.0370001,3
1618417017178329000,0,2,0.0372585,2
1618417017185681000,0,1,0.0375745,1
1618417017193727000,0,1,0.0377746,1
1618417017201746000,0,1,0.0380022,1
1618417017209771000,1,1,0.0382568,1.41421
1618417017249666000,1,0,0.0375398,1
1618417017265674000,1,0,0.0365441,1
1618417017273659000,1,0,0.0355511,1
1618417017281765000,2,0,0.0345609,2
1618417017289767000,2,0,0.0325902,2
1618417017297834000,3,0,0.0306344,3
1618417017305850000,3,-1,0.0277354,3.16228
1618417017314420000,1,0,0.0244538,1
1618417017321800000,1,0,0.0235039,1
1618417017329789000,1,0,0.0225622,1
1618417017337831000,2,0,0.0216296,2
1618417017345778000,1,0,0.0197971,1
1618417017353912000,2,0,0.0189004,2
1618417017361881000,4,-1,0.0171561,4.12311
1618417017369840000,2,0,0.0132352,2
1618417017377779000,3,0,0.0117609,3
1618417017385695000,4,0,0.00996583,4
1618417017394069000,5,0,0.0088147,5
1618417017401942000,0,0,0.00997513,0
1618417017409799000,5,0,1.49223,5
1618417017417848000,5,1,1.49744,5.09902
1618417017426631000,3,1,1.50266,3.16228
1618417017441811000,1,0,1.5058,1
1618417017489789000,0,0,1.50685,0
1618417017505895000,1,-1,1.50685,1.41421
1618417017513875000,1,-1,1.50787,1.41421
1618417017529765000,1,-3,1.5089,3.16228
1618417017537789000,0,-1,1.5099,1
1618417017545819000,-1,-4,1.50989,4.12311
1618417017553952000,-1,-3,1.50881,3.16228
1618417017561678000,-2,-5,1.50775,5.38516
1618417017569807000,-2,-7,1.50564,7.28011
1618417017577812000,-6,-9,1.50356,10.8167
1618417017585779000,-11,-11,1.49736,15.5563
1618417017594004000,-17,-13,1.48604,21.4009
1618417017601810000,-23,-14,1.46862,26.9258
1618417017609870000,-28,-14,1.44513,31.305
1618417017617977000,-32,-12,1.41659,34.176
1618417017625799000,-34,-10,1.38396,35.4401
1618417017633922000,-35,-8,1.34926,35.9026
1618417017641930000,-36,-5,1.31348,36.3456
1618417017649716000,-40,-3,1.2765,40.1123
1618417017657983000,-42,-1,1.23524,42.0119
1618417017665724000,-45,-1,1.19175,45.0111
1618417017673978000,-51,0,1.14517,51
1618417017682152000,-55,0,1.0923,55
1618417017689800000,-57,0,1.03531,57
1618417017697983000,-60,0,0.976282,60
1618417017705773000,-62,0,0.914197,62
1618417017713885000,-62,1,0.850106,62.0081
1618417017721721000,-59,3,0.785952,59.0762
1618417017729733000,-56,7,0.724664,56.4358
1618417017737690000,-50,9,0.66589,50.8035
1618417017745772000,-44,9,0.612999,44.911
1618417017753812000,-37,9,0.566301,38.0789
1618417017761683000,-33,7,0.526848,33.7343
1618417017769760000,-29,6,0.491821,29.6142
1618417017777733000,-26,4,0.461073,26.3059
1618417017785695000,-24,2,0.433686,24.0832
1618417017794172000,-21,1,0.408616,21.0238
1618417017802138000,-17,1,0.386778,17.0294
1618417017809757000,-13,1,0.36908,13.0384
1618417017817916000,-9,2,0.355517,9.21954
1618417017825868000,-6,2,0.345952,6.32456
1618417017833828000,-4,3,0.33949,5
1618417017842027000,-4,3,0.334979,5
1618417017849720000,-5,3,0.330488,5.83095
1618417017857976000,-5,3,0.324983,5.83095
1618417017865984000,-6,4,0.319497,7.2111
1618417017874064000,-7,4,0.31291,8.06226
1618417017881954000,-8,3,0.305326,8.544
1618417017889895000,-9,4,0.296807,9.84886
1618417017897944000,-8,3,0.287219,8.544
1618417017905875000,-8,3,0.278758,8.544
1618417017914303000,-8,3,0.270325,8.544
1618417017921827000,-8,3,0.261923,8.544
1618417017929897000,-7,2,0.253555,7.28011
1618417017937886000,-6,1,0.246261,6.08276
1618417017945790000,-6,1,0.240016,6.08276
1618417017953935000,-5,1,0.233776,5.09902
1618417017961930000,-5,0,0.228584,5
1618417017969913000,-5,0,0.223376,5
1618417017977850000,-6,0,0.218168,6
1618417017985944000,-6,0,0.211919,6
1618417017994091000,-7,0,0.205671,7
1618417018001995000,-7,0,0.19838,7
1618417018009874000,-8,0,0.19109,8
1618417018017914000,-10,0,0.182758,10
1618417018025744000,-11,0,0.172344,11
1618417018034236000,-12,0,0.160889,12
1618417018041974000,-13,0,0.148393,13
1618417018050031000,-12,0,0.134856,12
1618417018057994000,-13,0,0.122362,13
1618417018066018000,-12,0,0.108828,12
1618417018073927000,-11,0,0.0963365,11
1618417018082071000,-11,0,0.0848886,11
1618417018090004000,-11,1,0.0734439,11.0454
1618417018097833000,-10,2,0.0620777,10.198
1618417018105808000,-9,2,0.0519386,9.21954
1618417018114131000,-8,2,0.043057,8.24621
1618417018121953000,-8,1,0.0355513,8.06226
1618417018130406000,-8,2,0.0281955,8.24621
1618417018137999000,-7,1,0.0222661,7.07107
1618417018145928000,-6,1,0.0181793,6.08276
1618417018154015000,-6,1,0.0167338,6.08276
1618417018161987000,-4,1,0.0176025,4.12311
1618417018169725000,-4,1,0.0196729,4.12311
1618417018177816000,-3,1,0.022385,3.16228
1618417018185797000,-1,0,0.0249293,1
1618417018193988000,-2,0,0.0255353,2
1618417018201942000,-1,0,0.0268276,1
1618417018249986000,0,0,0.0275102,0
1618417018346090000,0,0,1.53973,0
1618417018369955000,2,-1,1.53973,2.23607
1618417018378096000,2,-2,1.53781,2.82843
1618417018385837000,3,-2,1.53498,3.60555
1618417018394029000,5,-2,1.53166,5.38516
1618417018401902000,6,-3,1.52733,6.7082
1618417018409911000,7,-3,1.52161,7.61577
1618417018418178000,8,-5,1.5154,9.43398
1618417018427401000,10,-7,1.50688,12.2066
1618417018433768000,12,-10,1.49557,15.6205
1618417018442186000,15,-14,1.48054,20.5183
1618417018450116000,18,-17,1.4604,24.7588
1618417018458153000,21,-22,1.43609,30.4138
1618417018466098000,23,-25,1.40579,33.9706
1618417018474234000,25,-28,1.37182,37.5366
1618417018481874000,26,-30,1.3342,39.6989
1618417018489907000,29,-32,1.29435,43.1856
1618417018497993000,29,-34,1.25139,44.6878
1618417018505952000,29,-36,1.20668,46.2277
1618417018513957000,29,-36,1.1602,46.2277
1618417018522038000,30,-37,1.11386,47.634
1618417018529960000,31,-37,1.06633,48.2701
1618417018537908000,33,-38,1.01862,50.3289
1618417018546015000,34,-37,0.969475,50.2494
1618417018554682000,31,-36,0.921343,47.5079
1618417018561894000,30,-36,0.875628,46.8615
1618417018569919000,28,-35,0.830639,44.8219
1618417018577972000,27,-33,0.78765,42.638
1618417018586163000,23,-32,0.747377,39.4081
1618417018593948000,21,-32,0.709502,38.2753
1618417018601952000,18,-30,0.6724,34.9857
1618417018609949000,15,-28,0.638226,31.7648
1618417018617932000,13,-27,0.606862,29.9666
1618417018626031000,11,-27,0.577018,29.1548
1618417018634237000,11,-25,0.547592,27.313
1618417018642257000,10,-25,0.520345,26.9258
1618417018650245000,9,-25,0.493337,26.5707
1618417018657987000,7,-25,0.466539,25.9615
1618417018666064000,6,-24,0.439999,24.7386
1618417018673941000,3,-23,0.414629,23.1948
1618417018682014000,2,-22,0.390524,22.0907
1618417018690025000,1,-20,0.367525,20.025
1618417018698001000,0,-19,0.346666,19
1618417018705868000,0,-18,0.32691,18
1618417018714043000,0,-18,0.308197,18
1618417018721985000,0,-17,0.289489,17
1618417018729916000,-1,-17,0.271826,17.0294
1618417018738156000,-1,-14,0.254253,14.0357
1618417018746144000,-1,-13,0.239816,13.0384
1618417018754130000,0,-11,0.22644,11
1618417018761954000,0,-11,0.215044,11
1618417018769927000,0,-10,0.203656,10
1618417018778085000,0,-9,0.193311,9
1618417018785876000,0,-8,0.184006,8
1618417018794047000,0,-8,0.175742,8
1618417018801916000,-1,-7,0.167485,7.07107
1618417018809860000,-1,-5,0.16042,5.09902
1618417018817997000,-1,-5,0.155439,5.09902
1618417018826026000,-1,-3,0.15048,3.16228
1618417018834051000,0,-2,0.147593,2
1618417018842010000,0,-4,0.145546,4
1618417018849998000,0,-3,0.141456,3
1618417018858064000,0,-4,0.138391,4
1618417018865762000,1,-5,0.134308,5.09902
1618417018874156000,1,-5,0.128997,5.09902
1618417018882042000,1,-5,0.123686,5.09902
1618417018890017000,1,-6,0.118374,6.08276
1618417018898002000,1,-6,0.112044,6.08276
1618417018906031000,2,-6,0.105713,6.32456
1618417018913952000,2,-6,0.0991689,6.32456
1618417018921797000,3,-6,0.0926304,6.7082
1618417018930147000,3,-7,0.085914,7.61577
1618417018938016000,3,-7,0.0782143,7.61577
1618417018946087000,3,-7,0.0705664,7.61577
1618417018953908000,2,-7,0.0629891,7.28011
1618417018961966000,3,-7,0.055564,7.61577
1618417018969953000,2,-7,0.0481725,7.28011
1618417018977856000,2,-7,0.0409232,7.28011
1618417018985880000,1,-6,0.0338208,6.08276
1618417018994024000,1,-5,0.0277915,5.09902
1618417019001847000,1,-4,0.0229393,4.12311
1618417019010516000,1,-4,0.0193085,4.12311
1618417019017968000,0,-2,0.0160098,2
1618417019025992000,0,-2,0.0142537,2
1618417019033989000,0,-1,0.0125976,1
1618417019066566000,0,0,0.0118204,0
1618417019154235000,0,0,1.13055,0
1618417019218099000,1,4,1.13055,4.12311
1618417019226012000,1,5,1.12627,5.09902
1618417019234185000,2,8,1.12097,8.24621
1618417019241935000,2,13,1.11241,13.1529
1618417019250046000,5,17,1.09871,17.72
1618417019258030000,7,20,1.08039,21.1896
1618417019266262000,9,24,1.05867,25.632
1618417019273989000,11,25,1.03254,27.313
1618417019282179000,14,27,1.0051,30.4138
1618417019289823000,16,29,0.975242,33.121
1618417019298306000,18,30,0.943183,34.9857
1618417019305917000,18,31,0.910051,35.8469
1618417019314190000,18,31,0.876144,35.8469
1618417019322492000,19,31,0.842527,36.3593
1618417019330024000,16,32,0.80919,35.7771
1618417019338233000,15,31,0.775299,34.4384
1618417019346062000,14,33,0.742778,35.8469
1618417019354225000,14,35,0.70848,37.6962
1618417019361964000,11,36,0.672423,37.6431
1618417019370051000,10,37,0.635517,38.3275
1618417019377858000,9,37,0.597782,38.0789
1618417019385876000,8,37,0.560244,37.855
1618417019394057000,7,37,0.522888,37.6563
1618417019402196000,6,34,0.485705,34.5254
1618417019409804000,3,32,0.451763,32.1403
1618417019417863000,2,29,0.419578,29.0689
1618417019425855000,1,27,0.390437,27.0185
1618417019433905000,0,23,0.363262,23
1618417019442007000,0,20,0.340014,20
1618417019449815000,0,18,0.319884,18
1618417019458745000,0,16,0.301848,16
1618417019466362000,0,14,0.285894,14
1618417019474076000,0,13,0.272004,13
1618417019482439000,0,12,0.259174,12
1618417019490157000,0,12,0.247399,12
1618417019497753000,-1,12,0.235698,12.0416
1618417019506141000,-1,11,0.223691,11.0454
1618417019514326000,-2,9,0.212705,9.21954
1618417019522072000,-3,9,0.203267,9.48683
1618417019529875000,-3,7,0.193424,7.61577
1618417019537905000,-3,7,0.185491,7.61577
1618417019546061000,-3,6,0.177558,6.7082
1618417019554421000,-3,5,0.17058,5.83095
1618417019562182000,-2,4,0.164558,4.47214
1618417019570081000,-3,4,0.159907,5
1618417019578049000,-2,4,0.15485,4.47214
1618417019585939000,-2,4,0.150202,4.47214
1618417019594003000,-3,3,0.145555,4.24264
1618417019602021000,-3,4,0.141481,5
1618417019610016000,-4,3,0.136457,5
1618417019617899000,-4,3,0.132061,5
1618417019626085000,-4,4,0.127726,5.65685
1618417019633736000,-4,3,0.122465,5
1618417019641820000,-4,4,0.118265,5.65685
1618417019649920000,-4,6,0.11314,7.2111
1618417019657910000,-4,6,0.106065,7.2111
1618417019665936000,-4,8,0.0990551,8.94427
1618417019674622000,-4,8,0.0900739,8.94427
1618417019681820000,-4,9,0.0811683,9.84886
1618417019689952000,-4,9,0.0713311,9.84886
1618417019697958000,-4,10,0.0616316,10.7703
1618417019706142000,-3,9,0.0511051,9.48683
1618417019713923000,-2,8,0.0418814,8.24621
1618417019721822000,-1,7,0.0338717,7.07107
1618417019729903000,-1,6,0.0269506,6.08276
1618417019737868000,-1,5,0.0213112,5.09902
1618417019745959000,-1,3,0.0170797,3.16228
1618417019753826000,0,1,0.0151442,1
1618417019761753000,0,2,0.0143677,2
1618417019770015000,0,1,0.0129273,1
1618417019793903000,0,0,0.0122764,0
1618417019866564000,0,0,1.09967,0
1618417019930868000,-3,-1,1.09967,3.16228
1618417019938072000,-3,-1,1.09772,3.16228
1618417019945790000,-6,-1,1.09578,6.08276
1618417019953934000,-7,0,1.0913,7
1618417019961947000,-13,1,1.08539,13.0384
1618417019969876000,-16,3,1.07384,16.2788
1618417019978222000,-22,7,1.05859,23.0868
1618417019986277000,-28,10,1.0359,29.7321
1618417019993804000,-33,13,1.00641,35.4683
1618417020001797000,-39,18,0.970982,42.9535
1618417020010639000,-41,20,0.927541,45.618
1618417020018058000,-43,21,0.881297,47.8539
1618417020026101000,-43,21,0.832935,47.8539
1618417020033816000,-44,22,0.784759,49.1935
1618417020041725000,-44,22,0.735333,49.1935
1618417020049702000,-41,22,0.686174,46.5296
1618417020058022000,-36,21,0.639561,41.6773
1618417020065819000,-33,19,0.597619,38.0789
1618417020073851000,-31,19,0.559559,36.3593
1618417020082134000,-28,20,0.523131,34.4093
1618417020090075000,-26,19,0.488186,32.2025
1618417020097748000,-23,18,0.455522,29.2062
1618417020105890000,-20,18,0.425779,26.9072
1618417020113791000,-17,18,0.39809,24.7588
1618417020121771000,-14,17,0.372388,22.0227
1618417020129818000,-12,16,0.349451,20
1618417020137799000,-11,16,0.328626,19.4165
1618417020145814000,-9,15,0.308453,17.4929
1618417020153689000,-7,15,0.29041,16.5529
1618417020161763000,-7,16,0.273729,17.4642
1618417020169799000,-6,15,0.256338,16.1555
1618417020177801000,-6,15,0.240539,16.1555
1618417020185898000,-6,14,0.224889,15.2315
1618417020193719000,-5,13,0.210148,13.9284
1618417020201852000,-5,12,0.197055,13
1618417020209854000,-4,11,0.184854,11.7047
1618417020217861000,-4,10,0.174316,10.7703
1618417020225903000,-5,8,0.164631,9.43398
1618417020233937000,-4,8,0.155503,8.94427
1618417020242061000,-4,7,0.147327,8.06226
1618417020249784000,-4,6,0.139851,7.2111
1618417020257901000,-4,6,0.13302,7.2111
1618417020266234000,-4,6,0.126266,7.2111
1618417020274452000,-4,6,0.119602,7.2111
1618417020281833000,-5,6,0.113045,7.81025
1618417020289887000,-4,5,0.105664,6.40312
1618417020298095000,-5,5,0.0997631,7.07107
1618417020306459000,-5,5,0.0929919,7.07107
1618417020314155000,-5,5,0.0863181,7.07107
1618417020322116000,-6,4,0.0797662,7.2111
1618417020330932000,-5,4,0.0726188,6.40312
1618417020338374000,-5,3,0.066569,5.83095
1618417020345983000,-5,3,0.0608355,5.83095
1618417020354196000,-5,3,0.0551749,5.83095
1618417020362079000,-5,3,0.049612,5.83095
1618417020369890000,-5,2,0.0441841,5.38516
1618417020377934000,-5,2,0.0389309,5.38516
1618417020386206000,-5,1,0.0337925,5.09902
1618417020394131000,-5,1,0.028695,5.09902
1618417020402156000,-4,1,0.0236916,4.12311
1618417020410065000,-4,2,0.0198594,4.47214
1618417020417982000,-5,2,0.0166939,5.38516
1618417020427095000,-4,1,0.0135998,4.12311
1618417020433719000,-3,2,0.0119061,3.60555
1618417020442109000,-3,1,0.012832,3.16228
1618417020449816000,-2,1,0.0136489,2.23607
1618417020457859000,-2,1,0.0149277,2.23607
1618417020465677000,-1,1,0.0164388,1.41421
1618417020489859000,-1,1,0.0177536,1.41421
1618417020497873000,0,0,0.0190914,0
1618417020577828000,0,0,0.983834,0
1618417020602156000,1,-3,0.983834,3.16228
1618417020609885000,2,-3,0.980632,3.60555
1618417020617731000,2,-3,0.976878,3.60555
1618417020625715000,2,-4,0.973124,4.47214
1618417020633714000,3,-4,0.968486,5
1618417020641723000,4,-5,0.963297,6.40312
1618417020649712000,5,-6,0.956672,7.81025
1618417020657732000,8,-8,0.948613,11.3137
1618417020665733000,11,-11,0.937138,15.5563
1618417020673712000,15,-16,0.921373,21.9317
1618417020681698000,20,-21,0.89901,29
1618417020689865000,25,-26,0.869529,36.0694
1618417020697744000,28,-29,0.832977,40.3113
1618417020705670000,30,-32,0.79226,43.8634
1618417020713733000,31,-32,0.747943,44.5533
1618417020721706000,31,-32,0.703317,44.5533
1618417020729767000,30,-31,0.658937,43.1393
1618417020737685000,29,-30,0.616244,41.7253
1618417020745968000,25,-28,0.575267,37.5366
1618417020753824000,23,-27,0.538197,35.4683
1618417020761815000,20,-24,0.503159,31.241
1618417020769905000,18,-22,0.472417,28.4253
1618417020777706000,16,-21,0.444574,26.4008
1618417020785688000,15,-19,0.418593,24.2074
1618417020793900000,12,-17,0.39511,20.8087
1618417020802070000,11,-16,0.374675,19.4165
1618417020809671000,9,-15,0.355651,17.4929
1618417020817691000,7,-14,0.338253,15.6525
1618417020825699000,6,-13,0.322411,14.3178
1618417020833637000,4,-13,0.307851,13.6015
1618417020841691000,3,-12,0.293742,12.3693
1618417020849686000,1,-11,0.280869,11.0454
1618417020857654000,1,-11,0.269438,11.0454
1618417020865693000,0,-9,0.258014,9
1618417020873644000,0,-9,0.248858,9
1618417020881705000,0,-8,0.239719,8
1618417020889741000,0,-7,0.231611,7
1618417020897862000,0,-7,0.22453,7
1618417020905776000,0,-7,0.217463,7
1618417020914155000,1,-8,0.210411,8.06226
1618417020921854000,1,-8,0.202096,8.06226
1618417020929839000,2,-9,0.193787,9.21954
1618417020937760000,2,-9,0.184198,9.21954
1618417020945869000,2,-9,0.174611,9.21954
1618417020953771000,1,-9,0.165027,9.05539
1618417020961968000,2,-8,0.155742,8.24621
1618417020970254000,1,-8,0.147163,8.06226
1618417020977760000,2,-7,0.138896,7.28011
1618417020985795000,1,-7,0.131316,7.07107
1618417020993729000,1,-6,0.124058,6.08276
1618417021001732000,1,-5,0.1178,5.09902
1618417021009843000,1,-5,0.112534,5.09902
1618417021017949000,1,-6,0.107273,6.08276
1618417021025738000,2,-6,0.101039,6.32456
1618417021033736000,1,-7,0.0944535,7.07107
1618417021041738000,2,-8,0.087263,8.24621
1618417021049990000,2,-9,0.0787469,9.21954
1618417021057767000,1,-8,0.0692904,8.06226
1618417021065824000,2,-8,0.0612667,8.24621
1618417021073833000,2,-8,0.0528732,8.24621
1618417021081954000,2,-7,0.0445546,7.28011
1618417021089992000,2,-6,0.0372357,6.32456
1618417021097915000,2,-5,0.0308895,5.38516
1618417021105777000,1,-4,0.0254762,4.12311
1618417021113819000,2,-3,0.0216429,3.60555
1618417021121834000,1,-3,0.0179508,3.16228
1618417021129814000,1,-3,0.0150861,3.16228
1618417021137835000,1,-2,0.0124358,2.23607
1618417021146207000,1,-2,0.0105483,2.23607
1618417021162418000,0,0,0.00887332,0
1618417021242472000,0,0,0.88326,0
1618417021249977000,0,-1,0.88326,1
1618417021257813000,1,-2,0.88228,2.23607
1618417021266018000,2,-1,0.880673,2.23607
1618417021273882000,2,-2,0.880405,2.82843
1618417021281977000,4,-3,0.879165,5
1618417021289962000,7,-3,0.877684,7.61577
1618417021297774000,8,-3,0.87735,8.544
1618417021305786000,10,-4,0.87747,10.7703
1618417021313869000,13,-5,0.877506,13.9284
1618417021321875000,15,-6,0.877959,16.1555
1618417021329996000,15,-7,0.87856,16.5529
1618417021337911000,16,-7,0.878543,17.4642
1618417021345874000,15,-9,0.879331,17.4929
1618417021353696000,13,-10,0.878167,16.4012
1618417021362854000,9,-11,0.875457,14.2127
1618417021369850000,6,-12,0.870088,13.4164
1618417021377872000,4,-13,0.862446,13.6015
1618417021385749000,1,-15,0.852989,15.0333
1618417021393724000,-1,-17,0.84024,17.0294
1618417021401779000,-3,-18,0.824713,18.2483
1618417021409775000,-6,-20,0.807266,20.8806
1618417021417791000,-8,-22,0.786426,23.4094
1618417021425771000,-11,-24,0.762744,26.4008
1618417021433678000,-13,-26,0.735624,29.0689
1618417021441748000,-15,-28,0.705634,31.7648
1618417021449792000,-16,-30,0.672769,34
1618417021457918000,-21,-30,0.637624,36.6197
1618417021465890000,-23,-31,0.59948,38.6005
1618417021473831000,-24,-30,0.55928,38.4187
1618417021481721000,-24,-29,0.519334,37.6431
1618417021490087000,-22,-27,0.480256,34.8281
1618417021497773000,-20,-25,0.444097,32.0156
1618417021505768000,-16,-23,0.410851,28.0179
1618417021513965000,-14,-22,0.381669,26.0768
1618417021522396000,-11,-20,0.354515,22.8254
1618417021530983000,-9,-19,0.330843,21.0238
1618417021537934000,-7,-19,0.309235,20.2485
1618417021546223000,-5,-18,0.288892,18.6815
1618417021554142000,-4,-18,0.270759,18.4391
1618417021562344000,-4,-17,0.253483,17.4642
1618417021570511000,-4,-17,0.237287,17.4642
1618417021577849000,-3,-16,0.2214,16.2788
1618417021585803000,-3,-16,0.207368,16.2788
1618417021593874000,-3,-15,0.193805,15.2971
1618417021601848000,-3,-15,0.181454,15.2971
1618417021609820000,-2,-14,0.169701,14.1421
1618417021617828000,-3,-12,0.160106,12.3693
1618417021625868000,-3,-11,0.151341,11.4018
1618417021633859000,-2,-10,0.143614,10.198
1618417021641834000,-2,-9,0.137816,9.21954
1618417021649902000,-2,-8,0.132909,8.24621
1618417021657892000,-2,-7,0.128765,7.28011
1618417021665804000,-2,-7,0.125254,7.28011
1618417021673824000,-3,-5,0.122113,5.83095
1618417021681923000,-3,-5,0.118481,5.83095
1618417021689830000,-2,-3,0.115056,3.60555
1618417021697792000,-3,-3,0.112899,4.24264
1618417021705829000,-3,-2,0.109785,3.60555
1618417021713856000,-4,-1,0.10672,4.12311
1618417021721839000,-4,-1,0.102603,4.12311
1618417021729755000,-5,-1,0.098501,5.09902
1618417021738216000,-6,-1,0.0933776,6.08276
1618417021745843000,-6,-2,0.0872395,6.32456
1618417021753854000,-7,-1,0.0812573,7.07107
1618417021761851000,-8,-2,0.0741825,8.24621
1618417021769804000,-8,-2,0.0663497,8.24621
1618417021777654000,-8,-1,0.058729,8.06226
1618417021785719000,-8,-2,0.0510676,8.24621
1618417021793845000,-8,-1,0.044108,8.06226
1618417021801834000,-7,0,0.037264,7
1618417021809855000,-7,0,0.0313101,7
1618417021818161000,-6,0,0.0260455,6
1618417021825788000,-4,0,0.0224541,4
1618417021834082000,-4,1,0.0207719,4.12311
1618417021841906000,-2,1,0.0188031,2.23607
1618417021850033000,-1,1,0.0176021,1.41421
1618417021857967000,-1,2,0.0165687,2.23607
1618417021865931000,-1,2,0.0145711,2.23607
1618417021873996000,-1,1,0.0126871,1.41421
1618417021881890000,-1,2,0.0119588,2.23607
1618417021889920000,-1,2,0.0104412,2.23607
1618417021897768000,-1,2,0.00926685,2.23607
1618417021905666000,-1,2,0.00857793,2.23607
1618417021913803000,0,1,0.00849344,1
1618417021921804000,0,0,0.00818191,0
1618417021930502000,0,1,1.3199,1
1618417022001963000,0,0,1.31906,0
1618417022042015000,0,1,1.31906,1
1618417022049933000,0,1,1.31822,1
1618417022057934000,1,3,1.31739,3.16228
1618417022065928000,2,2,1.31425,2.82843
1618417022073836000,3,3,1.31134,4.24264
1618417022081837000,3,4,1.30697,5
1618417022089942000,6,7,1.30176,9.21954
1618417022097882000,7,9,1.29218,11.4018
1618417022105965000,10,10,1.28031,14.1421
1618417022113880000,14,11,1.26575,17.8045
1618417022121929000,19,13,1.2479,23.0217
1618417022129945000,23,14,1.22533,26.9258
1618417022137930000,28,17,1.19957,32.7567
1618417022146126000,31,18,1.1684,35.8469
1618417022154028000,34,21,1.13478,39.9625
1618417022162537000,36,24,1.0971,43.2666
1618417022170012000,39,27,1.05595,47.4342
1618417022178383000,41,30,1.01085,50.8035
1618417022186151000,43,32,0.962434,53.6004
1618417022194015000,43,32,0.911696,53.6004
1618417022202083000,44,33,0.86159,55
1618417022209922000,44,34,0.81085,55.6058
1618417022218130000,44,34,0.760079,55.6058
1618417022225957000,43,34,0.710402,54.8179
1618417022233774000,40,35,0.662382,53.1507
1618417022241803000,36,34,0.615703,49.5177
1618417022249898000,32,32,0.572465,45.2548
1618417022257984000,28,31,0.533447,41.7732
1618417022265969000,23,29,0.497352,37.0135
1618417022273853000,19,28,0.464973,33.8378
1618417022281812000,17,27,0.434769,31.9061
1618417022289824000,14,26,0.406402,29.5296
1618417022298025000,11,24,0.37971,26.4008
1618417022305864000,9,23,0.355487,24.6982
1618417022313875000,6,22,0.332563,22.8035
1618417022321865000,4,19,0.310645,19.4165
1618417022329843000,2,18,0.291739,18.1108
1618417022337846000,0,15,0.273649,15
1618417022346141000,-1,15,0.258312,15.0333
1618417022354114000,-3,12,0.242796,12.3693
1618417022362159000,-4,10,0.229921,10.7703
1618417022369875000,-5,9,0.218885,10.2956
1618417022378149000,-5,8,0.208703,9.43398
1618417022386087000,-6,7,0.199607,9.21954
1618417022394180000,-6,7,0.191472,9.21954
1618417022402025000,-6,7,0.183478,9.21954
1618417022409864000,-6,7,0.175646,9.21954
1618417022417951000,-7,7,0.167998,9.89949
1618417022425954000,-8,6,0.160558,10
1618417022433897000,-9,6,0.154546,10.8167
1618417022441989000,-9,6,0.149141,10.8167
1618417022450092000,-8,5,0.144416,9.43398
1618417022457905000,-8,6,0.141176,10
1618417022466134000,-6,6,0.137571,8.48528
1618417022474435000,-5,7,0.133882,8.60233
1618417022482047000,-5,7,0.129299,8.60233
1618417022490129000,-5,7,0.12519,8.60233
1618417022497889000,-3,7,0.121604,7.61577
1618417022505910000,-3,7,0.117352,7.61577
1618417022514040000,-2,7,0.113495,7.28011
1618417022522454000,-2,6,0.109366,6.32456
1618417022530033000,-2,7,0.106344,7.28011
1618417022538108000,-1,7,0.102975,7.07107
1618417022546238000,0,5,0.0992322,5
1618417022554820000,0,6,0.0961987,6
1618417022562056000,0,6,0.0928138,6
1618417022570318000,1,6,0.0897371,6.08276
1618417022578100000,1,4,0.0860515,4.12311
1618417022586149000,2,4,0.083449,4.47214
1618417022594075000,2,4,0.0800105,4.47214
1618417022602176000,2,4,0.0767009,4.47214
1618417022610674000,3,4,0.0735376,5
1618417022618043000,3,4,0.0695219,5
1618417022625979000,3,4,0.0656739,5
1618417022633994000,3,4,0.0620248,5
1618417022641979000,3,4,0.0586119,5
1618417022650163000,4,4,0.0554786,5.65685
1618417022657866000,3,4,0.0516405,5
1618417022665894000,4,5,0.0492371,6.40312
1618417022673807000,4,4,0.0466319,5.65685
1618417022681886000,5,4,0.0444043,6.40312
1618417022690040000,5,3,0.0420142,5.83095
1618417022697858000,5,3,0.0398799,5.83095
1618417022705883000,4,2,0.0385928,4.47214
1618417022713858000,3,1,0.0378783,3.16228
1618417022721883000,2,1,0.0372481,2.23607
1618417022729857000,0,0,0.0373037,0
1618417022737855000,1,0,1.28033,1
1618417022786116000,1,0,1.28009,1
1618417022794355000,2,-1,1.27985,2.23607
1618417022802048000,2,-3,1.27835,3.60555
1618417022810303000,2,-4,1.27483,4.47214
1618417022817961000,3,-4,1.27029,5
1618417022825966000,2,-4,1.26552,4.47214
1618417022834353000,2,-3,1.26099,3.60555
1618417022841974000,1,-2,1.25747,2.23607
1618417022849821000,1,-1,1.25521,1.41421
1618417022882863000,0,0,1.25396,0
1618417022906113000,1,-1,1.25396,1.41421
1618417022914306000,3,-2,1.25271,3.60555
1618417022922012000,4,-4,1.24998,5.65685
1618417022930454000,5,-7,1.24499,8.60233
1618417022937887000,7,-9,1.23673,11.4018
1618417022946007000,10,-12,1.22601,15.6205
1618417022953934000,12,-15,1.21159,19.2094
1618417022962032000,15,-20,1.19375,25
1618417022969968000,20,-25,1.17026,32.0156
1618417022977974000,21,-31,1.14083,37.4433
1618417022985840000,22,-33,1.10528,39.6611
1618417022994055000,21,-35,1.06775,40.8167
1618417023001958000,19,-35,1.02859,39.8246
1618417023010093000,15,-35,0.989948,38.0789
1618417023018122000,12,-35,0.951975,37
1618417023026180000,10,-35,0.914441,36.4005
1618417023034084000,9,-37,0.877176,38.0789
1618417023042148000,8,-37,0.837978,37.855
1618417023050757000,8,-37,0.798902,37.855
1618417023058136000,8,-37,0.759864,37.855
1618417023065969000,8,-37,0.720869,37.855
1618417023074653000,7,-35,0.681923,35.6931
1618417023081985000,7,-33,0.645163,33.7343
1618417023090252000,5,-31,0.610535,31.4006
1618417023097798000,3,-29,0.578103,29.1548
1618417023106024000,2,-28,0.547829,28.0713
1618417023114085000,1,-25,0.518626,25.02
1618417023121830000,0,-22,0.492569,22
1618417023130014000,0,-22,0.469656,22
1618417023138016000,-1,-20,0.446744,20.025
1618417023146111000,-3,-18,0.425938,18.2483
1618417023153734000,-3,-17,0.407281,17.2627
1618417023161853000,-2,-16,0.389698,16.1245
1618417023170037000,-1,-16,0.373142,16.0312
1618417023178039000,-1,-15,0.356551,15.0333
1618417023185941000,-2,-15,0.34101,15.1327
1618417023193987000,-3,-14,0.325551,14.3178
1618417023202010000,-3,-14,0.311243,14.3178
1618417023209872000,-4,-13,0.296996,13.6015
1618417023218600000,-5,-12,0.283971,13
1618417023226502000,-4,-11,0.272236,11.7047
1618417023234036000,-4,-11,0.261534,11.7047
1618417023241847000,-2,-11,0.250968,11.1803
1618417023250262000,0,-10,0.240127,10
1618417023258105000,0,-11,0.229933,11
1618417023266094000,2,-11,0.218745,11.1803
1618417023274026000,3,-10,0.20711,10.4403
1618417023281893000,3,-11,0.19626,11.4018
1618417023290621000,2,-10,0.184396,10.198
1618417023298091000,2,-10,0.173775,10.198
1618417023306001000,2,-11,0.163155,11.1803
1618417023314041000,2,-10,0.15152,10.198
1618417023322063000,3,-10,0.140902,10.4403
1618417023329833000,2,-9,0.130051,9.21954
1618417023337849000,1,-8,0.120447,8.06226
1618417023345821000,1,-6,0.112092,6.08276
1618417023353803000,1,-5,0.105769,5.09902
1618417023361841000,0,-3,0.100461,3
1618417023369892000,1,-5,0.0974251,5.09902
1618417023377776000,0,-1,0.0921194,1
1618417023386100000,0,-2,0.0911092,2
1618417023394103000,1,-2,0.089091,2.23607
1618417023401884000,1,-2,0.0868143,2.23607
1618417023417702000,1,-3,0.0845405,3.16228
1618417023427065000,1,-3,0.0812573,3.16228
1618417023433856000,1,-4,0.077975,4.12311
1618417023442185000,2,-5,0.0736803,5.38516
1618417023450215000,2,-6,0.068135,6.32456
1618417023458602000,3,-6,0.0615824,6.7082
1618417023465928000,2,-6,0.0548417,6.32456
1618417023473973000,2,-5,0.0483279,5.38516
1618417023482140000,2,-5,0.0428696,5.38516
1618417023489725000,2,-5,0.037456,5.38516
1618417023498143000,1,-4,0.0321098,4.12311
1618417023505901000,1,-3,0.0279111,3.16228
1618417023513917000,1,-3,0.0247883,3.16228
1618417023522037000,1,-2,0.0217161,2.23607
1618417023529803000,0,-1,0.0197513,1
1618417023538252000,0,0,0.0187195,0
1618417023570038000,0,-1,0.916275,1
1618417023578224000,0,-1,0.917315,1
1618417023610807000,0,0,0.918354,0
1618417023650180000,-1,2,0.918354,2.23607
1618417023658004000,-2,4,0.916342,4.47214
1618417023665982000,-2,4,0.91232,4.47214
1618417023673947000,-4,5,0.908305,6.40312
1618417023682174000,-5,6,0.90341,7.81025
1618417023689904000,-7,7,0.897583,9.89949
1618417023697852000,-8,10,0.890938,12.8062
1618417023705896000,-9,13,0.881357,15.8114
1618417023713849000,-8,15,0.868885,17
1618417023721794000,-7,17,0.854352,18.3848
1618417023729805000,-4,19,0.837736,19.4165
1618417023737733000,-1,19,0.818716,19.0263
1618417023745672000,1,20,0.799287,20.025
1618417023753699000,3,20,0.778531,20.2237
1618417023761689000,4,21,0.757465,21.3776
1618417023769695000,7,21,0.735212,22.1359
1618417023777706000,8,23,0.712504,24.3516
1618417023785729000,9,23,0.687612,24.6982
1618417023793796000,10,26,0.662621,27.8568
1618417023801807000,10,28,0.634463,29.7321
1618417023809806000,11,30,0.604314,31.9531
1618417023817962000,9,34,0.572082,35.171
1618417023825978000,8,35,0.535988,35.9026
1618417023834081000,9,35,0.499005,36.1386
1618417023842603000,9,33,0.46203,34.2053
1618417023849874000,10,31,0.427254,32.573
1618417023858121000,9,27,0.394698,28.4605
1618417023865979000,9,23,0.366549,24.6982
1618417023874056000,7,19,0.342818,20.2485
1618417023881830000,6,15,0.323417,16.1555
1618417023890121000,5,12,0.308299,13
1618417023898009000,4,11,0.29636,11.7047
1618417023906040000,2,9,0.285464,9.21954
1618417023914093000,2,9,0.276445,9.21954
1618417023921932000,2,9,0.267466,9.21954
1618417023930180000,2,8,0.258532,8.24621
1618417023937994000,2,9,0.250673,9.21954
1618417023945903000,1,9,0.241841,9.05539
1618417023954050000,1,9,0.232857,9.05539
1618417023961992000,0,7,0.223909,7
1618417023969843000,0,9,0.216795,9
1618417023978076000,0,8,0.207667,8
1618417023986100000,0,9,0.199573,9
1618417023994362000,0,8,0.190491,8
1618417024002285000,-1,9,0.182444,9.05539
1618417024010304000,-1,8,0.173135,8.06226
1618417024018210000,-2,8,0.164839,8.24621
1618417024026115000,-3,8,0.156257,8.544
1618417024034584000,-2,8,0.147381,8.24621
1618417024042596000,-2,8,0.138798,8.24621
1618417024049964000,-3,8,0.130215,8.544
1618417024058488000,-3,9,0.121339,9.48683
1618417024066009000,-3,8,0.111466,8.544
1618417024073909000,-3,9,0.102596,9.48683
1618417024082122000,-3,9,0.0927276,9.48683
1618417024089761000,-3,9,0.0828622,9.48683
1618417024097817000,-2,8,0.0730013,8.24621
1618417024105993000,-2,9,0.0644118,9.21954
1618417024113828000,-2,8,0.0548147,8.24621
1618417024122152000,-1,8,0.0462258,8.06226
1618417024130055000,-2,7,0.0379237,7.28011
1618417024137830000,-1,7,0.0303411,7.07107
1618417024146049000,-1,6,0.0230889,6.08276
1618417024153986000,-1,6,0.0168908,6.08276
1618417024162064000,-1,5,0.0108535,5.09902
1618417024169722000,-1,5,0.00615663,5.09902
1618417024178599000,-1,4,0.00379922,4.12311
1618417024185708000,-1,4,0.00593031,4.12311
1618417024193716000,-1,3,0.00963303,3.16228
1618417024202308000,0,0,0.0126453,0
1618417024209733000,0,1,0.79804,1
1618417024282201000,0,0,0.799076,0
1618417024297750000,0,1,0.799076,1
1618417024305729000,-1,4,0.800112,4.12311
1618417024313775000,-1,4,0.804366,4.12311
1618417024322078000,0,3,0.808621,3
1618417024330042000,0,6,0.811728,6
1618417024337981000,0,6,0.817941,6
1618417024345762000,0,8,0.824156,8
1618417024353672000,0,9,0.832442,9
1618417024361697000,-1,12,0.841766,12.0416
1618417024369685000,-2,11,0.854306,11.1803
1618417024377700000,-2,10,0.86592,10.198
1618417024385713000,-2,8,0.876498,8.24621
1618417024393689000,-2,5,0.885006,5.38516
1618417024401713000,-2,2,0.890409,2.82843
1618417024409687000,-2,-3,0.892708,3.60555
1618417024417730000,-2,-9,0.889837,9.21954
1618417024425767000,-1,-14,0.880765,14.0357
1618417024433650000,0,-19,0.866409,19
1618417024441642000,0,-23,0.846764,23
1618417024449733000,0,-27,0.822994,27
1618417024457703000,0,-29,0.795103,29
1618417024465758000,3,-32,0.765166,32.1403
1618417024473700000,5,-31,0.731719,31.4006
1618417024481714000,5,-31,0.699018,31.4006
1618417024489750000,6,-31,0.666317,31.5753
1618417024497746000,10,-32,0.633478,33.5261
1618417024505812000,11,-31,0.599082,32.8938
1618417024513740000,11,-30,0.56567,31.9531
1618417024521787000,11,-29,0.533403,31.0161
1618417024529720000,12,-29,0.502307,31.3847
1618417024537820000,9,-28,0.471313,29.4109
1618417024545894000,8,-26,0.441721,27.2029
1618417024553773000,6,-26,0.414387,26.6833
1618417024561753000,5,-24,0.387209,24.5153
1618417024569852000,2,-22,0.362201,22.0907
1618417024577757000,1,-20,0.339303,20.025
1618417024585689000,0,-18,0.318486,18
1618417024593783000,0,-18,0.299739,18
1618417024601747000,0,-17,0.280992,17
1618417024609861000,0,-15,0.263287,15
1618417024617759000,0,-13,0.247665,13
1618417024625787000,0,-12,0.234126,12
1618417024633699000,1,-12,0.221629,12.0416
1618417024641662000,0,-9,0.209161,9
1618417024649700000,0,-8,0.19979,8
1618417024657659000,0,-7,0.191461,7
1618417024665814000,0,-6,0.184173,6
1618417024673690000,0,-5,0.177927,5
1618417024681690000,0,-4,0.172722,4
1618417024689888000,0,-4,0.168558,4
1618417024697763000,0,-4,0.164394,4
1618417024705807000,0,-5,0.16023,5
1618417024714029000,0,-5,0.155026,5
1618417024721855000,0,-6,0.149822,6
1618417024729812000,0,-7,0.143577,7
1618417024737680000,0,-7,0.136293,7
1618417024745754000,0,-8,0.129009,8
1618417024753736000,0,-9,0.120685,9
1618417024761744000,0,-9,0.111324,9
1618417024769789000,0,-9,0.101964,9
1618417024777661000,0,-8,0.0926081,8
1618417024785768000,0,-8,0.084295,8
1618417024793705000,0,-7,0.0759863,7
1618417024802086000,0,-7,0.0687211,7
1618417024809819000,0,-7,0.0614622,7
1618417024817683000,0,-7,0.054212,7
1618417024825772000,0,-8,0.0469747,8
1618417024833813000,0,-8,0.0387285,8
1618417024841825000,0,-8,0.0305296,8
1618417024849804000,0,-9,0.0224299,9
1618417024857769000,0,-8,0.0136583,8
1618417024865793000,-1,-8,0.00726208,8.06226
1618417024873838000,-1,-5,0.0067888,5.09902
1618417024881819000,0,-3,0.0104992,3
1618417024889796000,0,-2,0.0134349,2
1618417024897981000,0,0,0.0154334,0
1618417024969913000,0,0,0.164988,0
1618417024986207000,-1,1,0.164988,1.41421
1618417024993769000,0,1,0.164083,1
1618417025001986000,-1,4,0.164218,4.12311
1618417025010046000,-1,3,0.163794,3.16228
1618417025017889000,-1,5,0.163294,5.09902
1618417025025931000,-1,6,0.163283,6.08276
1618417025033831000,0,6,0.1637,6
1618417025042044000,0,9,0.165359,9
1618417025050086000,0,11,0.168253,11
1618417025057817000,0,13,0.172418,13
1618417025065943000,0,14,0.178166,14
1618417025073988000,-2,15,0.185266,15.1327
1618417025081766000,-2,13,0.192104,13.1529
1618417025089782000,-3,12,0.198636,12.3693
1618417025097898000,-4,9,0.204402,9.84886
1618417025105815000,-6,7,0.207849,9.21954
1618417025113953000,-7,5,0.208795,8.60233
1618417025121741000,-8,4,0.207909,8.94427
1618417025129886000,-9,2,0.205946,9.21954
1618417025138062000,-10,1,0.202085,10.0499
1618417025145857000,-9,0,0.197177,9
1618417025154055000,-11,-2,0.192325,11.1803
1618417025161721000,-10,-3,0.185009,10.4403
1618417025169982000,-9,-4,0.177637,9.84886
1618417025178124000,-9,-5,0.170069,10.2956
1618417025185878000,-9,-5,0.161818,10.2956
1618417025193802000,-9,-6,0.153872,10.8167
1618417025202098000,-8,-7,0.145272,10.6301
1618417025210135000,-7,-7,0.136253,9.89949
1618417025217878000,-7,-7,0.127725,9.89949
1618417025225801000,-5,-7,0.11948,8.60233
1618417025234011000,-5,-7,0.111719,8.60233
1618417025241720000,-4,-7,0.104151,8.06226
1618417025249893000,-3,-6,0.0968076,6.7082
1618417025257902000,-3,-6,0.0906385,6.7082
1618417025265866000,-2,-6,0.0845969,6.32456
1618417025273876000,-2,-6,0.0785844,6.32456
1618417025281903000,-2,-6,0.0726718,6.32456
1618417025289786000,-2,-6,0.0668856,6.32456
1618417025297966000,-2,-6,0.0612616,6.32456
1618417025305830000,-2,-6,0.0558488,6.32456
1618417025313812000,-1,-7,0.0507148,7.07107
1618417025321884000,-2,-6,0.0445462,6.32456
1618417025329993000,-1,-6,0.0402438,6.08276
1618417025337876000,-2,-6,0.0359322,6.32456
1618417025346069000,-2,-5,0.0330997,5.38516
1618417025353802000,-2,-4,0.0319091,4.47214
1618417025361949000,-1,-2,0.0320368,2.23607
1618417025370213000,-1,-2,0.032353,2.23607
1618417025378216000,0,0,0.0328319,0
1618417025450100000,0,0,1.37441,0
1618417025457779000,0,2,1.37441,2
1618417025465963000,0,4,1.37306,4
1618417025473980000,0,5,1.37038,5
1618417025481963000,0,6,1.36703,6
1618417025490301000,0,7,1.36303,7
1618417025497993000,0,9,1.35838,9
1618417025506088000,0,10,1.35245,10
1618417025514036000,0,11,1.34589,11
1618417025521844000,0,11,1.33874,11
1618417025530095000,-1,12,1.33165,12.0416
1618417025538514000,-2,10,1.32316,10.198
1618417025545740000,-2,8,1.31517,8.24621
1618417025554159000,-3,8,1.30847,8.544
1618417025562092000,-5,7,1.30096,8.60233
1618417025570727000,-6,7,1.29242,9.21954
1618417025578119000,-8,7,1.28305,10.6301
1618417025585920000,-9,8,1.27201,12.0416
1618417025593882000,-11,8,1.25951,13.6015
1618417025601807000,-12,10,1.24535,15.6205
1618417025609968000,-14,11,1.2291,17.8045
1618417025617950000,-16,13,1.21056,20.6155
1618417025625702000,-19,14,1.18911,23.6008
1618417025634002000,-21,16,1.16452,26.4008
1618417025641971000,-24,17,1.13703,29.4109
1618417025650071000,-27,17,1.1064,31.9061
1618417025658192000,-29,18,1.07326,34.1321
1618417025666076000,-33,20,1.03783,38.5876
1618417025674058000,-35,21,0.997835,40.8167
1618417025682019000,-35,21,0.955565,40.8167
1618417025690060000,-36,22,0.913319,42.19
1618417025698010000,-36,22,0.869637,42.19
1618417025706066000,-36,22,0.825983,42.19
1618417025714034000,-37,22,0.782362,43.0465
1618417025721842000,-37,22,0.737971,43.0465
1618417025730044000,-36,22,0.693638,42.19
1618417025738308000,-37,22,0.65017,43.0465
1618417025746308000,-37,22,0.605983,43.0465
1618417025754005000,-35,21,0.5619,40.8167
1618417025762152000,-33,20,0.520185,38.5876
1618417025770149000,-32,19,0.480839,37.2156
1618417025777935000,-30,18,0.44312,34.9857
1618417025785758000,-26,17,0.407796,31.0644
1618417025793735000,-23,15,0.376288,27.4591
1618417025801868000,-20,15,0.348575,25
1618417025809993000,-16,12,0.323064,20
1618417025817747000,-14,11,0.30272,17.8045
1618417025825781000,-11,8,0.284576,13.6015
1618417025833953000,-8,7,0.270879,10.6301
1618417025841852000,-6,4,0.259983,7.2111
1618417025850081000,-4,3,0.252848,5
1618417025857977000,-3,2,0.247829,3.60555
1618417025865984000,-2,1,0.244276,2.23607
1618417025882185000,-2,1,0.242189,2.23607
1618417025890005000,-1,1,0.240106,1.41421
1618417025897930000,-2,2,0.238648,2.82843
1618417025905982000,-2,3,0.235733,3.60555
1618417025913924000,-2,3,0.231982,3.60555
1618417025922078000,-3,5,0.228232,5.83095
1618417025930136000,-3,6,0.222189,6.7082
1618417025937870000,-4,6,0.215316,7.2111
1618417025945756000,-4,8,0.207819,8.94427
1618417025954055000,-5,8,0.198672,9.43398
1618417025962291000,-5,9,0.188897,10.2956
1618417025970426000,-6,10,0.178313,11.6619
1618417025977933000,-6,10,0.166281,11.6619
1618417025986018000,-7,11,0.154268,13.0384
1618417025994151000,-6,12,0.140808,13.4164
1618417026002352000,-7,12,0.12729,13.8924
1618417026010070000,-7,11,0.113163,13.0384
1618417026017992000,-7,11,0.099868,13.0384
1618417026026015000,-6,10,0.086662,11.6619
1618417026033874000,-6,10,0.0750613,11.6619
1618417026041999000,-5,8,0.063665,9.43398
1618417026049982000,-4,7,0.0546068,8.06226
1618417026057890000,-4,7,0.0472777,8.06226
1618417026065920000,-4,6,0.0403673,7.2111
1618417026073921000,-4,5,0.0343921,6.40312
1618417026082091000,-3,4,0.0292577,5
1618417026089947000,-3,4,0.0258722,5
1618417026098050000,-2,4,0.023173,4.47214
1618417026105955000,-2,3,0.0223788,3.60555
1618417026113913000,-1,2,0.0219668,2.23607
1618417026130114000,0,0,0.0223179,0
1618417026218151000,0,0,0.693561,0
1618417026242103000,2,-2,0.693561,2.82843
1618417026249849000,2,-2,0.690803,2.82843
1618417026257933000,3,-2,0.688047,3.60555
1618417026265907000,5,-3,0.684867,5.83095
1618417026273863000,6,-4,0.679897,7.2111
1618417026281922000,8,-4,0.673574,8.94427
1618417026290125000,10,-5,0.666462,11.1803
1618417026297973000,13,-7,0.657648,14.7648
1618417026306062000,16,-10,0.645841,18.868
1618417026313881000,19,-11,0.630166,21.9545
1618417026321931000,20,-14,0.612713,24.4131
1618417026329953000,20,-17,0.592334,26.2488
1618417026337864000,18,-18,0.569355,25.4558
1618417026345843000,15,-20,0.546296,25
1618417026354609000,14,-22,0.522266,26.0768
1618417026362118000,11,-25,0.496631,27.313
1618417026370102000,12,-26,0.468744,28.6356
1618417026378081000,12,-29,0.439706,31.3847
1618417026385925000,12,-30,0.407705,32.311
1618417026393997000,13,-31,0.374795,33.6155
1618417026401717000,13,-31,0.340856,33.6155
1618417026410439000,12,-31,0.307159,33.2415
1618417026417922000,9,-29,0.273868,30.3645
1618417026426099000,7,-26,0.243155,26.9258
1618417026433932000,5,-23,0.215859,23.5372
1618417026442276000,2,-20,0.191879,20.0998
1618417026449806000,1,-15,0.17108,15.0333
1618417026458627000,0,-11,0.155488,11
1618417026465907000,0,-8,0.144036,8
1618417026473958000,-1,-8,0.135707,8.06226
1618417026481925000,-1,-5,0.127344,5.09902
1618417026489910000,-1,-4,0.122111,4.12311
1618417026498057000,-1,-3,0.117926,3.16228
1618417026505939000,-1,-2,0.114791,2.23607
1618417026521978000,0,-1,0.112706,1
1618417026537925000,0,-1,0.111665,1
1618417026545953000,-1,-2,0.110623,2.23607
1618417026561829000,0,-1,0.108548,1
1618417026570372000,0,-1,0.107507,1
1618417026594179000,0,-1,0.106465,1
1618417026602290000,0,-2,0.105424,2
1618417026610204000,0,-2,0.103341,2
1618417026617838000,0,-2,0.101257,2
1618417026626125000,0,-2,0.0991744,2
1618417026634848000,0,-2,0.0970912,2
1618417026642400000,1,-4,0.0950082,4.12311
1618417026650178000,1,-4,0.0908314,4.12311
1618417026658153000,1,-5,0.0866662,5.09902
1618417026666051000,1,-6,0.0814728,6.08276
1618417026674067000,1,-7,0.0752546,7.07107
1618417026682158000,1,-8,0.0680179,8.06226
1618417026690097000,0,-8,0.0597738,8
1618417026698050000,0,-9,0.0514717,9
1618417026705998000,0,-9,0.0421468,9
1618417026714022000,0,-7,0.0328502,7
1618417026722185000,0,-6,0.0256591,6
1618417026729888000,0,0,0.0195546,0
1618417026737892000,-1,-3,0.623357,3.16228
1618417026802359000,0,0,0.626433,0
1618417026850159000,3,1,0.626433,3.16228
1618417026858844000,6,3,0.623649,6.7082
1618417026866083000,9,6,0.617285,10.8167
1618417026874150000,15,9,0.606543,17.4929
1618417026882185000,19,11,0.589503,21.9545
1618417026890366000,25,15,0.568358,29.1548
1618417026898380000,28,17,0.540304,32.7567
1618417026906383000,30,20,0.509027,36.0555
1618417026914067000,32,22,0.474385,38.833
1618417026922068000,31,23,0.437366,38.6005
1618417026930150000,32,24,0.400588,40
1618417026938160000,30,24,0.363145,38.4187
1618417026945938000,27,22,0.327523,34.8281
1618417026953933000,23,21,0.296032,31.1448
1618417026962131000,18,20,0.267892,26.9072
1618417026970200000,16,18,0.242991,24.0832
1618417026978236000,12,17,0.221258,20.8087
1618417026985925000,10,14,0.201844,17.2047
1618417026993979000,8,12,0.186221,14.4222
1618417027002491000,6,10,0.173209,11.6619
1618417027010223000,5,8,0.162635,9.43398
1618417027017951000,4,7,0.154348,8.06226
1618417027025950000,3,6,0.14723,6.7082
1618417027033824000,1,5,0.141204,5.09902
1618417027042141000,1,4,0.136103,4.12311
1618417027050047000,1,3,0.132055,3.16228
1618417027065935000,0,1,0.129059,1
1618417027129947000,0,1,0.128023,1
1618417027137895000,1,2,0.126988,2.23607
1618417027145734000,2,2,0.125043,2.82843
1618417027153689000,2,3,0.123254,3.60555
1618417027161747000,2,4,0.120483,4.47214
1618417027170060000,2,4,0.116742,4.47214
1618417027178690000,2,5,0.11307,5.38516
1618417027185924000,2,5,0.108461,5.38516
1618417027194013000,2,5,0.10395,5.38516
1618417027202121000,1,6,0.0995506,6.08276
1618417027210026000,0,6,0.0939492,6
1618417027217912000,0,7,0.0880745,7
1618417027226061000,-1,9,0.0812915,9.05539
1618417027234402000,-1,8,0.0722766,8.06226
1618417027243226000,-1,7,0.0643118,7.07107
1618417027249772000,-1,7,0.0573806,7.07107
1618417027258296000,-2,6,0.0505722,6.32456
1618417027266054000,-2,6,0.0441982,6.32456
1618417027273966000,-2,6,0.0378974,6.32456
1618417027282093000,-2,6,0.0317137,6.32456
1618417027290308000,0,0,0.0257314,0
1618417027298305000,-2,3,1.08326,3.60555
1618417027306163000,-1,2,1.0802,2.23607
1618417027314076000,-1,1,1.07849,1.41421
1618417027354489000,0,0,1.07715,0
1618417027378196000,1,-2,1.07715,2.23607
1618417027386159000,1,-2,1.07886,2.23607
1618417027394481000,1,-2,1.08057,2.23607
1618417027402125000,1,-3,1.08228,3.16228
1618417027409801000,1,-3,1.08437,3.16228
1618417027417789000,2,-4,1.08646,4.47214
1618417027426234000,2,-4,1.08991,4.47214
1618417027433881000,1,-5,1.09337,5.09902
1618417027442028000,0,-4,1.09625,4
1618417027449774000,-3,-6,1.09779,6.7082
1618417027458598000,-9,-4,1.09724,9.84886
1618417027465974000,-15,-2,1.09016,15.1327
1618417027474005000,-21,0,1.07656,21
1618417027482239000,-29,4,1.05646,29.2746
1618417027489900000,-34,6,1.02712,34.5254
1618417027497976000,-39,9,0.992256,40.025
1618417027506251000,-41,10,0.951428,42.2019
1618417027514241000,-43,10,0.908349,44.1475
1618417027522096000,-43,11,0.863488,44.3847
1618417027529994000,-44,11,0.818282,45.3542
1618417027537960000,-45,11,0.772275,46.3249
1618417027545982000,-51,11,0.725509,52.1728
1618417027556271000,-55,13,0.673521,56.5155
1618417027561981000,-57,14,0.617293,58.6941
1618417027570175000,-58,14,0.559293,59.6657
1618417027578122000,-58,14,0.501192,59.6657
1618417027586169000,-52,13,0.444188,53.6004
1618417027593776000,-48,11,0.394093,49.2443
1618417027601948000,-39,8,0.350149,39.8121
1618417027609758000,-32,8,0.316831,32.9848
1618417027617767000,-25,8,0.289845,26.2488
1618417027625742000,-19,9,0.268387,21.0238
1618417027633776000,-15,9,0.250187,17.4929
1618417027641813000,-11,9,0.234507,14.2127
1618417027649872000,-8,10,0.220999,12.8062
1618417027657756000,-6,10,0.208017,11.6619
1618417027665832000,-4,11,0.19594,11.7047
1618417027674099000,-2,12,0.18379,12.1655
1618417027682110000,-1,11,0.171606,11.0454
1618417027689655000,-1,9,0.160903,9.05539
1618417027697735000,-1,8,0.152142,8.06226
1618417027705770000,-1,8,0.144368,8.06226
1618417027713814000,-2,7,0.136668,7.28011
1618417027721700000,-2,8,0.129372,8.24621
1618417027729865000,-2,8,0.121241,8.24621
1618417027737685000,-1,8,0.113178,8.06226
1618417027746475000,-2,9,0.105824,9.21954
1618417027754070000,-2,8,0.0971692,8.24621
1618417027761759000,-1,7,0.0894846,7.07107
1618417027770554000,-1,6,0.0834529,6.08276
1618417027777959000,-1,5,0.0783551,5.09902
1618417027786056000,-1,4,0.0741203,4.12311
1618417027794025000,-1,4,0.0706734,4.12311
1618417027801694000,0,2,0.0673242,2
1618417027809748000,-1,3,0.0661188,3.16228
1618417027817715000,0,2,0.063517,2
1618417027826261000,-1,3,0.062412,3.16228
1618417027833804000,-1,3,0.0599392,3.16228
1618417027843399000,-1,3,0.0575487,3.16228
1618417027849932000,-1,3,0.0552513,3.16228
1618417027857724000,0,2,0.0530589,2
1618417027866056000,-1,4,0.052315,4.12311
1618417027874286000,-1,3,0.050047,3.16228
1618417027881732000,-2,3,0.048272,3.60555
1618417027889702000,-3,3,0.0456339,4.24264
1618417027897735000,-4,3,0.0421252,5
1618417027906017000,-5,4,0.0377618,6.40312
1618417027913726000,-6,4,0.0326811,7.2111
1618417027922009000,-7,3,0.0272631,7.61577
1618417027930063000,-6,3,0.0216341,6.7082
1618417027937970000,-6,2,0.0185506,6.32456
1618417027945998000,-4,2,0.0168631,4.47214
1618417027953662000,-3,1,0.0177982,3.16228
1618417027961806000,-2,1,0.0187038,2.23607
1618417027978352000,0,0,0.0199375,0
1618417028033806000,3,-1,1.65378,3.16228
1618417028041872000,2,-1,1.6507,2.23607
1618417028051453000,0,0,1.64868,0
1618417028057828000,3,-1,1.64868,3.16228
1618417028066146000,3,-1,1.64561,3.16228
1618417028073757000,4,-2,1.64254,4.47214
1618417028081707000,6,-4,1.63849,7.2111
1618417028089718000,9,-4,1.63247,9.84886
1618417028097729000,13,-5,1.62335,13.9284
1618417028106173000,19,-8,1.61014,20.6155
1618417028113655000,24,-9,1.59093,25.632
1618417028121753000,27,-11,1.56667,29.1548
1618417028129707000,32,-12,1.53954,34.176
1618417028137801000,35,-12,1.50744,37
1618417028145723000,38,-11,1.4724,39.5601
1618417028153650000,41,-11,1.43432,42.45
1618417028161772000,42,-11,1.39331,43.4166
1618417028169842000,43,-11,1.35147,44.3847
1618417028177632000,44,-11,1.30883,45.3542
1618417028185732000,44,-11,1.26542,45.3542
1618417028193784000,43,-11,1.22228,44.3847
1618417028201812000,41,-9,1.18049,41.9762
1618417028209705000,39,-8,1.14062,39.8121
1618417028217745000,36,-8,1.10284,36.8782
1618417028225737000,34,-7,1.06836,34.7131
1618417028233738000,31,-6,1.03591,31.5753
1618417028241756000,27,-5,1.00643,27.4591
1618417028249825000,22,-5,0.980857,22.561
1618417028257726000,18,-3,0.960436,18.2483
1618417028265729000,13,-3,0.943488,13.3417
1618417028273862000,9,-2,0.931567,9.21954
1618417028281829000,4,-1,0.923321,4.12311
1618417028290005000,1,0,0.919701,1
1618417028297791000,1,0,0.918714,1
1618417028306112000,1,0,0.917727,1
1618417028329747000,-2,0,0.91674,2
1618417028337739000,-3,0,0.918714,3
1618417028345885000,-4,0,0.921676,4
1618417028354016000,-4,1,0.925627,4.12311
