timestamp,dx,dy,D,speed,radius,clicks,correct
1619606056632422000,0,0,0.740834,0,0.1,1,1
1619606056838957000,-3,1,0.740834,3.16228,0.1,2,1
1619606056846227000,-6,1,0.738963,6.08276,0.1,2,1
1619606056854786000,-8,3,0.73383,8.544,0.1,2,1
1619606056862794000,-11,4,0.724974,11.7047,0.1,2,1
1619606056870992000,-14,6,0.710527,15.2315,0.1,2,1
1619606056877965000,-17,7,0.690028,18.3848,0.1,2,1
1619606056886693000,-19,7,0.660678,20.2485,0.1,2,1
1619606056894136000,-21,9,0.625757,22.8473,0.1,2,1
1619606056902220000,-23,9,0.583853,24.6982,0.1,2,1
1619606056910815000,-23,9,0.535936,24.6982,0.1,2,1
1619606056918304000,-24,10,0.488978,26,0.1,2,1
1619606056925746000,-23,9,0.437407,24.6982,0.1,2,1
1619606056934277000,-22,9,0.390149,23.7697,0.1,2,1
1619606056941376000,-21,9,0.345182,22.8473,0.1,2,1
1619606056950748000,-19,9,0.303502,21.0238,0.1,2,1
1619606056958484000,-17,8,0.265992,18.7883,0.1,2,1
1619606056967386000,-16,8,0.236378,17.8885,0.1,2,1
1619606056974760000,-14,7,0.208562,15.6525,0.1,2,1
1619606056982438000,-13,6,0.187153,14.3178,0.1,2,1
1619606056990440000,-13,5,0.169203,13.9284,0.1,2,1
1619606056997700000,-11,5,0.153319,12.083,0.1,2,1
1619606057006474000,-10,4,0.139477,10.7703,0.1,2,1
1619606057014436000,-9,4,0.127706,9.84886,0.1,2,1
1619606057021416000,-9,3,0.117052,9.48683,0.1,2,1
1619606057030246000,-8,4,0.106806,8.94427,0.1,2,1
1619606057038160000,-8,3,0.0976438,8.544,0.1,2,1
1619606057046666000,-9,3,0.0891369,9.48683,0.1,2,1
1619606057054721000,-8,4,0.0790511,8.94427,0.1,2,1
1619606057063135000,-9,5,0.0699759,10.2956,0.1,2,1
1619606057070418000,-10,6,0.0579904,11.6619,0.1,2,1
1619606057078755000,-10,6,0.0452531,11.6619,0.1,2,1
1619606057086418000,-11,6,0.0318681,12.53,0.1,2,1
1619606057093948000,-11,7,0.0170353,13.0384,0.1,2,1
1619606057101480000,-12,7,0.00232309,13.8924,0.1,2,1
1619606057110151000,-12,6,-0.0136552,13.4164,0.1,2,1
1619606057119639000,-12,5,-0.028409,13,0.1,2,1
1619606057125937000,-10,4,-0.0409112,10.7703,0.1,2,1
1619606057134552000,-10,4,-0.0493787,10.7703,0.1,2,1
1619606057144284000,-8,4,-0.0560585,8.94427,0.1,2,1
1619606057149754000,-8,3,-0.0604119,8.544,0.1,2,1
1619606057158306000,-7,3,-0.0615713,7.61577,0.1,2,1
1619606057166606000,-7,2,-0.0618596,7.28011,0.1,2,1
1619606057173689000,-7,1,-0.0594142,7.07107,0.1,2,1
1619606057182875000,-6,1,-0.0550963,6.08276,0.1,2,1
1619606057190100000,-5,1,-0.0509038,5.09902,0.1,2,1
1619606057197804000,-5,1,-0.0480557,5.09902,0.1,2,1
1619606057206239000,-4,0,-0.0450194,4,0.1,2,1
1619606057214115000,-4,0,-0.0422757,4,0.1,2,1
1619606057222055000,-4,0,-0.0394949,4,0.1,2,1
1619606057229445000,-3,1,-0.0366821,3.16228,0.1,2,1
1619606057238206000,-1,0,-0.034259,1,0.1,2,1
1619606057246778000,-1,0,-0.034259,1,0.1,2,1
1619606057254650000,-1,0,-0.0333004,1,0.1,2,1
1619606057439769000,1,0,-0.0333004,1,0.1,2,1
1619606057449071000,2,0,-0.0333004,2,0.1,2,1
1619606057457910000,4,0,-0.034259,4,0.1,2,1
1619606057465413000,5,0,-0.0371186,5,0.1,2,1
1619606057473804000,6,1,-0.0418242,6.08276,0.1,2,1
1619606057480976000,4,1,-0.0469329,4.12311,0.1,2,1
1619606057486641000,4,1,-0.0496718,4.12311,0.1,2,1
1619606057494263000,1,0,-0.0528988,1,0.1,2,1
1619606057501541000,2,0,-0.0537941,2,0.1,2,1
1619606057509832000,1,0,-0.0546833,1,0.1,2,1
1619606057550190000,0,0,-0.0555657,0,0.1,2,1
1619606057623167000,1,0,0.304768,1,0.166,3,2
1619606057630313000,1,0,0.304768,1,0.166,3,2
1619606057640912000,1,0,0.304057,1,0.166,3,2
1619606057648182000,0,0,0.303348,0,0.166,3,2
1619606057656645000,1,0,0.303348,1,0.166,3,2
1619606057662497000,2,0,0.303348,2,0.166,4,2
1619606057670555000,1,0,0.30264,1,0.166,4,2
1619606057678314000,1,0,0.301933,1,0.166,4,2
1619606057685943000,2,0,0.301228,2,0.166,4,2
1619606057693733000,2,-1,0.300524,2.23607,0.166,4,2
1619606057703511000,2,0,0.299821,2,0.166,4,2
1619606057710593000,4,-1,0.298419,4.12311,0.166,4,2
1619606057718054000,4,-1,0.295551,4.12311,0.166,4,2
1619606057725633000,4,-1,0.292689,4.12311,0.166,4,2
1619606057736244000,6,-1,0.290612,6.08276,0.166,4,2
1619606057741428000,8,-1,0.286392,8.06226,0.166,4,2
1619606057749522000,9,-2,0.27949,9.21954,0.166,4,2
1619606057758294000,10,-3,0.271076,10.4403,0.166,4,2
1619606057766870000,11,-4,0.261418,11.7047,0.166,4,2
1619606057775348000,11,-4,0.250414,11.7047,0.166,4,2
1619606057782358000,11,-5,0.238704,12.083,0.166,4,2
1619606057789545000,11,-5,0.226504,12.083,0.166,4,2
1619606057798209000,9,-5,0.214199,10.2956,0.166,4,2
1619606057807058000,8,-4,0.204035,8.94427,0.166,4,2
1619606057815319000,7,-5,0.195096,8.60233,0.166,4,2
1619606057821861000,7,-5,0.186764,8.60233,0.166,4,2
1619606057829950000,6,-5,0.177912,7.81025,0.166,4,2
1619606057839358000,6,-6,0.170197,8.48528,0.166,4,2
1619606057846011000,6,-8,0.16161,10,0.166,4,2
1619606057857143000,6,-10,0.150355,11.6619,0.166,4,2
1619606057864252000,7,-11,0.136778,13.0384,0.166,4,2
1619606057870486000,6,-10,0.121773,11.6619,0.166,4,2
1619606057877602000,6,-10,0.108197,11.6619,0.166,4,2
1619606057885398000,6,-9,0.0951545,10.8167,0.166,4,2
1619606057893985000,5,-8,0.0824746,9.43398,0.166,4,2
1619606057902536000,5,-8,0.0717541,9.43398,0.166,4,2
1619606057910426000,4,-7,0.0619298,8.06226,0.166,4,2
1619606057917830000,3,-6,0.0535326,6.7082,0.166,4,2
1619606057926667000,3,-5,0.0465633,5.83095,0.166,4,2
1619606057933511000,1,-4,0.041385,4.12311,0.166,4,2
1619606057943155000,1,-3,0.0381666,3.16228,0.166,4,2
1619606057950008000,1,-3,0.0363807,3.16228,0.166,4,2
1619606057958661000,1,-3,0.0331686,3.16228,0.166,4,2
1619606057965462000,1,-3,0.0308476,3.16228,0.166,4,2
1619606057974124000,1,-4,0.0290725,4.12311,0.166,4,2
1619606057982524000,1,-5,0.0258682,5.09902,0.166,4,2
1619606057991962000,2,-6,0.0217862,6.32456,0.166,4,2
1619606057998956000,2,-6,0.0153985,6.32456,0.166,4,2
1619606058008221000,3,-6,0.00989633,6.7082,0.166,4,2
1619606058014759000,2,-6,0.00295742,6.32456,0.166,4,2
1619606058022791000,3,-6,-0.00280983,6.7082,0.166,4,2
1619606058031018000,3,-6,-0.0088725,6.7082,0.166,4,2
1619606058039708000,3,-5,-0.0157899,5.83095,0.166,4,2
1619606058045974000,3,-4,-0.0203978,5,0.166,4,2
1619606058054568000,2,-4,-0.02475,4.47214,0.166,4,2
1619606058061498000,1,-3,-0.0285051,3.16228,0.166,4,2
1619606058069431000,1,-2,-0.030209,2.23607,0.166,4,2
1619606058078387000,1,-2,-0.0325102,2.23607,0.166,4,2
1619606058085533000,1,-2,-0.0339631,2.23607,0.166,4,2
1619606058095789000,0,-1,-0.0348105,1,0.166,4,2
1619606058102591000,1,-3,-0.0356551,3.16228,0.166,4,2
1619606058112913000,0,-2,-0.0379525,2,0.166,4,2
1619606058121697000,1,-3,-0.0387924,3.16228,0.166,4,2
1619606058128253000,1,-2,-0.0419216,2.23607,0.166,4,2
1619606058135229000,0,-1,-0.0427533,1,0.166,4,2
1619606058143382000,1,-2,-0.0435818,2.23607,0.166,4,2
1619606058149673000,1,-1,-0.045042,1.41421,0.166,4,2
1619606058158715000,1,-1,-0.0456714,1.41421,0.166,4,2
1619606058166673000,1,-2,-0.046502,2.23607,0.166,4,2
1619606058174670000,1,-1,-0.0479615,1.41421,0.166,4,2
1619606058182783000,1,-1,-0.0487898,1.41421,0.166,4,2
1619606058191280000,1,-1,-0.0494208,1.41421,0.166,4,2
1619606058262226000,1,-2,-0.0508797,2.23607,0.166,4,2
1619606058269747000,1,-1,-0.0517102,1.41421,0.166,4,2
1619606058278274000,1,-1,-0.0531698,1.41421,0.166,4,2
1619606058294115000,1,-2,-0.0539979,2.23607,0.166,4,2
1619606058309957000,1,-2,-0.0554583,2.23607,0.166,4,2
1619606058398268000,1,-1,-0.0569184,1.41421,0.166,4,2
1619606058415024000,1,-2,-0.057745,2.23607,0.166,4,2
1619606058424731000,1,-1,-0.0592059,1.41421,0.166,4,2
1619606058536378000,1,-1,-0.0606664,1.41421,0.166,4,2
1619606058566432000,1,-1,-0.0606664,1.41421,0.166,4,2
1619606058782402000,0,0,-0.0621265,0,0.166,4,2
1619606058901951000,0,0,0.971351,0,0.2,5,3
1619606059029488000,3,0,0.971351,3,0.2,6,3
1619606059039092000,4,0,0.969381,4,0.2,6,3
1619606059046347000,7,0,0.966427,7,0.2,6,3
1619606059054611000,8,0,0.959536,8,0.2,6,3
1619606059061638000,9,0,0.951668,9,0.2,6,3
1619606059070695000,11,0,0.941842,11,0.2,6,3
1619606059077941000,12,0,0.930064,12,0.2,6,3
1619606059085887000,13,1,0.917323,13.0384,0.2,6,3
1619606059095140000,13,1,0.902286,13.0384,0.2,6,3
1619606059101913000,14,2,0.887266,14.1421,0.2,6,3
1619606059110911000,14,2,0.869949,14.1421,0.2,6,3
1619606059118521000,16,3,0.852278,16.2788,0.2,6,3
1619606059126807000,17,4,0.829382,17.4642,0.2,6,3
1619606059134706000,18,3,0.802837,18.2483,0.2,6,3
1619606059141762000,19,4,0.774162,19.4165,0.2,6,3
1619606059150551000,20,4,0.741468,20.3961,0.2,6,3
1619606059158515000,20,4,0.706876,20.3961,0.2,6,3
1619606059166624000,19,4,0.67177,19.4165,0.2,6,3
1619606059177726000,19,5,0.640154,19.6469,0.2,6,3
1619606059181573000,18,5,0.607204,18.6815,0.2,6,3
1619606059189859000,17,4,0.577567,17.4642,0.2,6,3
1619606059199050000,16,4,0.551241,16.4924,0.2,6,3
1619606059207100000,16,4,0.526842,16.4924,0.2,6,3
1619606059214677000,14,3,0.503414,14.3178,0.2,6,3
1619606059221963000,14,3,0.486052,14.3178,0.2,6,3
1619606059231337000,14,3,0.468271,14.3178,0.2,6,3
1619606059238962000,13,3,0.45097,13.3417,0.2,6,3
1619606059246026000,13,3,0.43511,13.3417,0.2,6,3
1619606059253847000,14,4,0.420664,14.5602,0.2,6,3
1619606059262267000,13,4,0.40251,13.6015,0.2,6,3
1619606059271742000,13,3,0.386227,13.3417,0.2,6,3
1619606059277472000,12,3,0.370919,12.3693,0.2,6,3
1619606059287591000,12,3,0.356076,12.3693,0.2,6,3
1619606059294548000,12,4,0.342662,12.6491,0.2,6,3
1619606059302643000,11,4,0.327859,11.7047,0.2,6,3
1619606059311571000,10,4,0.314396,10.7703,0.2,6,3
1619606059319865000,11,4,0.302353,11.7047,0.2,6,3
1619606059327484000,10,4,0.288899,10.7703,0.2,6,3
1619606059334730000,11,4,0.27687,11.7047,0.2,6,3
1619606059342947000,11,4,0.263945,11.7047,0.2,6,3
1619606059349607000,11,5,0.250513,12.083,0.2,6,3
1619606059359450000,11,4,0.235663,11.7047,0.2,6,3
1619606059366725000,11,5,0.222772,12.083,0.2,6,3
1619606059374903000,11,4,0.208832,11.7047,0.2,6,3
1619606059381782000,10,4,0.195966,10.7703,0.2,6,3
1619606059390854000,10,4,0.184009,10.7703,0.2,6,3
1619606059397953000,9,4,0.17152,9.84886,0.2,6,3
1619606059406513000,9,4,0.160473,9.84886,0.2,6,3
1619606059416039000,9,3,0.150317,9.48683,0.2,6,3
1619606059425110000,9,4,0.139851,9.84886,0.2,6,3
1619606059431496000,9,3,0.129149,9.48683,0.2,6,3
1619606059439926000,9,4,0.118717,9.84886,0.2,6,3
1619606059446847000,8,3,0.107734,8.544,0.2,6,3
1619606059456092000,8,3,0.0990778,8.544,0.2,6,3
1619606059463167000,8,3,0.0904362,8.544,0.2,6,3
1619606059470300000,7,3,0.0818107,7.61577,0.2,6,3
1619606059478436000,7,3,0.0740513,7.61577,0.2,6,3
1619606059488426000,6,2,0.0663023,6.32456,0.2,6,3
1619606059495340000,5,2,0.0600199,5.38516,0.2,6,3
1619606059503005000,5,2,0.055428,5.38516,0.2,6,3
1619606059511025000,4,2,0.0514601,4.47214,0.2,6,3
1619606059518045000,5,2,0.0477096,5.38516,0.2,6,3
1619606059526269000,4,3,0.0431262,5,0.2,6,3
1619606059536159000,5,3,0.0385457,5.83095,0.2,6,3
1619606059545902000,6,4,0.0333375,7.2111,0.2,6,3
1619606059551438000,6,4,0.0258402,7.2111,0.2,6,3
1619606059559582000,7,4,0.018344,8.06226,0.2,6,3
1619606059567310000,7,4,0.0100238,8.06226,0.2,6,3
1619606059575999000,7,4,0.00171016,8.06226,0.2,6,3
1619606059585000000,7,4,-0.00659623,8.06226,0.2,6,3
1619606059590441000,6,4,-0.0148943,7.2111,0.2,6,3
1619606059598365000,6,3,-0.0223748,6.7082,0.2,6,3
1619606059607032000,5,3,-0.0291916,5.83095,0.2,6,3
1619606059614956000,5,3,-0.0337282,5.83095,0.2,6,3
1619606059622591000,4,3,-0.0389291,5,0.2,6,3
1619606059631560000,3,2,-0.0434568,3.60555,0.2,6,3
1619606059641127000,2,2,-0.0463933,2.82843,0.2,6,3
1619606059647520000,1,1,-0.0478614,1.41421,0.2,6,3
1619606059663906000,1,2,-0.0493294,2.23607,0.2,6,3
1619606059678097000,1,2,-0.0499995,2.23607,0.2,6,3
1619606059693881000,0,1,-0.0514667,1,0.2,6,3
1619606059702384000,0,1,-0.0521319,1,0.2,6,3
1619606059710398000,1,3,-0.0527926,3.16228,0.2,6,3
1619606059718001000,1,1,-0.0549137,1.41421,0.2,6,3
1619606059727886000,1,2,-0.0549137,2.23607,0.2,6,3
1619606059735435000,1,2,-0.0570282,2.23607,0.2,6,3
1619606059743349000,1,2,-0.0584917,2.23607,0.2,6,3
1619606059750001000,1,2,-0.059136,2.23607,0.2,6,3
1619606059758063000,0,1,-0.0612367,1,0.2,6,3
1619606059767394000,1,3,-0.0612367,3.16228,0.2,6,3
1619606059773820000,0,1,-0.06333,1,0.2,6,3
1619606059783870000,0,1,-0.0639574,1,0.2,6,3
1619606059790075000,0,1,-0.0639574,1,0.2,6,3
1619606059797918000,1,2,-0.0645798,2.23607,0.2,6,3
1619606059814636000,1,2,-0.0651969,2.23607,0.2,6,3
1619606059830664000,0,1,-0.0672627,1,0.2,6,3
1619606059838818000,0,0,-0.0672627,0,0.2,6,3
1619606059966091000,0,0,0.350203,0,0.2,7,4
1619606060117692000,-4,-2,0.350203,4.47214,0.2,8,4
1619606060126182000,-4,-3,0.347455,5,0.2,8,4
1619606060135405000,-5,-4,0.343069,6.40312,0.2,8,4
1619606060142143000,-6,-5,0.337406,7.81025,0.2,8,4
1619606060152274000,-7,-5,0.330101,8.60233,0.2,8,4
1619606060159926000,-9,-7,0.320901,11.4018,0.2,8,4
1619606060166669000,-10,-7,0.307973,12.2066,0.2,8,4
1619606060174968000,-11,-7,0.29445,13.0384,0.2,8,4
1619606060182062000,-12,-7,0.279745,13.8924,0.2,8,4
1619606060191852000,-12,-7,0.26512,13.8924,0.2,8,4
1619606060200106000,-11,-7,0.249997,13.0384,0.2,8,4
1619606060205608000,-11,-6,0.235566,12.53,0.2,8,4
1619606060215184000,-10,-6,0.222677,11.6619,0.2,8,4
1619606060222022000,-10,-6,0.211325,11.6619,0.2,8,4
1619606060230216000,-10,-7,0.199179,12.2066,0.2,8,4
1619606060237675000,-10,-7,0.186224,12.2066,0.2,8,4
1619606060245518000,-10,-6,0.172856,11.6619,0.2,8,4
1619606060254443000,-10,-7,0.161024,12.2066,0.2,8,4
1619606060262983000,-10,-8,0.149319,12.8062,0.2,8,4
1619606060271318000,-10,-8,0.135873,12.8062,0.2,8,4
1619606060278102000,-10,-9,0.121168,13.4536,0.2,8,4
1619606060285818000,-10,-10,0.107028,14.1421,0.2,8,4
1619606060294479000,-10,-10,0.0907027,14.1421,0.2,8,4
1619606060302129000,-9,-10,0.0745451,13.4536,0.2,8,4
1619606060309537000,-10,-10,0.059908,14.1421,0.2,8,4
1619606060319057000,-9,-9,0.044166,12.7279,0.2,8,4
1619606060326475000,-9,-8,0.0302569,12.0416,0.2,8,4
1619606060334284000,-9,-8,0.0185881,12.0416,0.2,8,4
1619606060342078000,-9,-8,0.00721023,12.0416,0.2,8,4
1619606060350993000,-8,-8,-0.00382611,11.3137,0.2,8,4
1619606060358797000,-8,-7,-0.0143486,10.6301,0.2,8,4
1619606060366380000,-7,-7,-0.0224206,9.89949,0.2,8,4
1619606060374207000,-6,-7,-0.0310542,9.21954,0.2,8,4
1619606060382881000,-6,-6,-0.0383468,8.48528,0.2,8,4
1619606060390735000,-6,-6,-0.0443256,8.48528,0.2,8,4
1619606060397613000,-6,-5,-0.0500216,7.81025,0.2,8,4
1619606060406391000,-5,-5,-0.054372,7.07107,0.2,8,4
1619606060413936000,-5,-4,-0.0585949,6.40312,0.2,8,4
1619606060422119000,-5,-4,-0.0617834,6.40312,0.2,8,4
1619606060430961000,-4,-4,-0.06451,5.65685,0.2,8,4
1619606060438441000,-4,-3,-0.0666095,5,0.2,8,4
1619606060447826000,-4,-4,-0.0682479,5.65685,0.2,8,4
1619606060455637000,-3,-4,-0.0700818,5,0.2,8,4
1619606060465089000,-3,-4,-0.0717895,5,0.2,8,4
1619606060470496000,-3,-3,-0.0747495,4.24264,0.2,8,4
1619606060478650000,-2,-4,-0.0752745,4.47214,0.2,8,4
1619606060488097000,-3,-3,-0.0775839,4.24264,0.2,8,4
1619606060496919000,-2,-3,-0.0784326,3.60555,0.2,8,4
1619606060502365000,-3,-3,-0.0801139,4.24264,0.2,8,4
1619606060512102000,-2,-3,-0.0808167,3.60555,0.2,8,4
1619606060521382000,-2,-3,-0.0814503,3.60555,0.2,8,4
1619606060527769000,-1,-3,-0.0826033,3.16228,0.2,8,4
1619606060535732000,-2,-3,-0.0837211,3.60555,0.2,8,4
1619606060542965000,-1,-3,-0.0856406,3.16228,0.2,8,4
1619606060551038000,-2,-2,-0.0866734,2.82843,0.2,8,4
1619606060558685000,-2,-3,-0.0868527,3.60555,0.2,8,4
1619606060566516000,-1,-3,-0.0871543,3.16228,0.2,8,4
1619606060575419000,-2,-3,-0.0887454,3.60555,0.2,8,4
1619606060581873000,-1,-3,-0.0897059,3.16228,0.2,8,4
1619606060590163000,-1,-2,-0.0905192,2.23607,0.2,8,4
1619606060600929000,-1,-2,-0.0912715,2.23607,0.2,8,4
1619606060663922000,0,-1,-0.0912886,1,0.2,8,4
1619606060670793000,0,-1,-0.0920262,1,0.2,8,4
1619606060702126000,0,0,-0.0927587,0,0.2,8,4
1619606060798434000,0,0,0.664837,0,0.133,9,5
1619606060997904000,1,-2,0.664837,2.23607,0.133,10,5
1619606061007063000,3,-2,0.664266,3.60555,0.133,10,5
1619606061014970000,6,-2,0.661952,6.32456,0.133,10,5
1619606061023304000,9,-5,0.655585,10.2956,0.133,10,5
1619606061030415000,11,-7,0.643448,13.0384,0.133,10,5
1619606061039485000,14,-8,0.628425,16.1245,0.133,10,5
1619606061046300000,15,-9,0.604727,17.4929,0.133,10,5
1619606061054692000,16,-9,0.578146,18.3576,0.133,10,5
1619606061062505000,15,-7,0.548391,16.5529,0.133,10,5
1619606061070650000,16,-7,0.524432,17.4642,0.133,10,5
1619606061078089000,15,-6,0.497919,16.1555,0.133,10,5
1619606061085370000,15,-6,0.474612,16.1555,0.133,10,5
1619606061093436000,15,-7,0.451952,16.5529,0.133,10,5
1619606061101385000,14,-8,0.428123,16.1245,0.133,10,5
1619606061112730000,14,-10,0.405385,17.2047,0.133,10,5
1619606061117916000,14,-10,0.378506,17.2047,0.133,10,5
1619606061127331000,13,-10,0.351627,16.4012,0.133,10,5
1619606061133767000,12,-10,0.327881,15.6205,0.133,10,5
1619606061143896000,12,-9,0.306432,15,0.133,10,5
1619606061150559000,11,-9,0.286441,14.2127,0.133,10,5
1619606061157470000,10,-8,0.26852,12.8062,0.133,10,5
1619606061165529000,9,-7,0.253738,11.4018,0.133,10,5
1619606061174005000,8,-7,0.240413,10.6301,0.133,10,5
1619606061181898000,7,-6,0.22878,9.21954,0.133,10,5
1619606061191512000,7,-5,0.218366,8.60233,0.133,10,5
1619606061199924000,6,-5,0.209405,7.81025,0.133,10,5
1619606061205528000,6,-5,0.201292,7.81025,0.133,10,5
1619606061214472000,5,-4,0.193179,6.40312,0.133,10,5
1619606061222759000,4,-3,0.18652,5,0.133,10,5
1619606061231076000,4,-3,0.182766,5,0.133,10,5
1619606061237617000,4,-3,0.17841,5,0.133,10,5
1619606061246004000,5,-4,0.173805,6.40312,0.133,10,5
1619606061253365000,4,-4,0.167998,5.65685,0.133,10,5
1619606061261617000,5,-3,0.162194,5.83095,0.133,10,5
1619606061271086000,6,-4,0.157586,7.2111,0.133,10,5
1619606061279497000,6,-4,0.150077,7.2111,0.133,10,5
1619606061287216000,6,-3,0.142568,6.7082,0.133,10,5
1619606061295509000,6,-3,0.136511,6.7082,0.133,10,5
1619606061302487000,6,-3,0.130212,6.7082,0.133,10,5
1619606061310214000,5,-2,0.124159,5.38516,0.133,10,5
1619606061319259000,5,-2,0.11872,5.38516,0.133,10,5
1619606061327296000,4,-2,0.114127,4.47214,0.133,10,5
1619606061333759000,4,-2,0.110993,4.47214,0.133,10,5
1619606061342694000,4,-2,0.107242,4.47214,0.133,10,5
1619606061350283000,3,-2,0.104114,3.60555,0.133,10,5
1619606061357871000,3,-2,0.101198,3.60555,0.133,10,5
1619606061365476000,4,-2,0.0989057,4.47214,0.133,10,5
1619606061375115000,4,-2,0.0951555,4.47214,0.133,10,5
1619606061383221000,3,-2,0.0912032,3.60555,0.133,10,5
1619606061390422000,4,-2,0.0882839,4.47214,0.133,10,5
1619606061399997000,4,-2,0.0851674,4.47214,0.133,10,5
1619606061406122000,3,-2,0.0814199,3.60555,0.133,10,5
1619606061415629000,3,-2,0.0791336,3.60555,0.133,10,5
1619606061421501000,2,-1,0.0762119,2.23607,0.133,10,5
1619606061430049000,3,-1,0.074564,3.16228,0.133,10,5
1619606061437590000,1,-1,0.0722807,1.41421,0.133,10,5
1619606061446150000,2,-1,0.0716407,2.23607,0.133,10,5
1619606061455560000,2,-2,0.0699985,2.82843,0.133,10,5
1619606061461703000,3,-2,0.0678947,3.60555,0.133,10,5
1619606061470644000,4,-3,0.0656112,5,0.133,10,5
1619606061478306000,4,-3,0.0612254,5,0.133,10,5
1619606061485863000,5,-4,0.0566592,6.40312,0.133,10,5
1619606061495069000,6,-4,0.0508103,7.2111,0.133,10,5
1619606061502318000,8,-5,0.04332,9.43398,0.133,10,5
1619606061513726000,8,-5,0.0327367,9.43398,0.133,10,5
1619606061521192000,8,-5,0.0229801,9.43398,0.133,10,5
1619606061526794000,8,-4,0.0117664,8.94427,0.133,10,5
1619606061534010000,8,-3,0.00270195,8.544,0.133,10,5
1619606061542563000,7,-3,-0.00563479,7.61577,0.133,10,5
1619606061550370000,5,-3,-0.0131296,5.83095,0.133,10,5
1619606061559090000,4,-2,-0.0175915,4.47214,0.133,10,5
1619606061566517000,3,-2,-0.0212895,3.60555,0.133,10,5
1619606061573827000,3,-3,-0.0242536,4.24264,0.133,10,5
1619606061582921000,3,-3,-0.0279294,4.24264,0.133,10,5
1619606061592652000,3,-3,-0.0308754,4.24264,0.133,10,5
1619606061599402000,3,-4,-0.0345653,5,0.133,10,5
1619606061608921000,3,-4,-0.0389634,5,0.133,10,5
1619606061614201000,2,-3,-0.0433817,3.60555,0.133,10,5
1619606061623326000,2,-2,-0.0455701,2.82843,0.133,10,5
1619606061631796000,1,-2,-0.0470425,2.23607,0.133,10,5
1619606061638849000,1,-2,-0.0492229,2.23607,0.133,10,5
1619606061647888000,1,-1,-0.0506947,1.41421,0.133,10,5
1619606061654032000,1,-1,-0.051395,1.41421,0.133,10,5
1619606061662572000,1,-2,-0.0521664,2.23607,0.133,10,5
1619606061669648000,1,-2,-0.0535583,2.23607,0.133,10,5
1619606061678722000,1,-2,-0.0550285,2.23607,0.133,10,5
1619606061686552000,1,-3,-0.0564985,3.16228,0.133,10,5
1619606061697588000,2,-4,-0.0586497,4.47214,0.133,10,5
1619606061701607000,3,-4,-0.0614525,5,0.133,10,5
1619606061710153000,3,-4,-0.0664956,5,0.133,10,5
1619606061719689000,3,-3,-0.0700525,4.24264,0.133,10,5
1619606061726463000,3,-2,-0.072969,3.60555,0.133,10,5
1619606061735856000,3,-2,-0.0767194,3.60555,0.133,10,5
1619606061742870000,3,-1,-0.0790097,3.16228,0.133,10,5
1619606061751321000,2,-1,-0.0812964,2.23607,0.133,10,5
1619606061758685000,1,-1,-0.0827575,1.41421,0.133,10,5
1619606061765767000,1,-1,-0.0835792,1.41421,0.133,10,5
1619606061774075000,1,-1,-0.0842179,1.41421,0.133,10,5
1619606061806177000,0,0,-0.085042,0,0.133,10,5
1619606061942399000,0,0,1.33928,0,0.133,11,6
1619606062087189000,-2,0,1.33928,2,0.133,12,6
1619606062094882000,-4,0,1.33831,4,0.133,12,6
1619606062102628000,-6,1,1.33539,6.08276,0.133,12,6
1619606062112144000,-6,1,1.33052,6.08276,0.133,12,6
1619606062118536000,-8,2,1.32431,8.24621,0.133,12,6
1619606062128860000,-10,2,1.31578,10.198,0.133,12,6
1619606062134371000,-11,2,1.30396,11.1803,0.133,12,6
1619606062142446000,-14,3,1.29155,14.3178,0.133,12,6
1619606062151707000,-15,3,1.27391,15.2971,0.133,12,6
1619606062158868000,-18,4,1.25299,18.4391,0.133,12,6
1619606062166533000,-19,4,1.22318,19.4165,0.133,12,6
1619606062174604000,-22,4,1.19183,22.3607,0.133,12,6
1619606062182005000,-23,5,1.15144,23.5372,0.133,12,6
1619606062191125000,-24,7,1.10741,25,0.133,12,6
1619606062198103000,-24,7,1.05894,25,0.133,12,6
1619606062206395000,-24,8,1.00913,25.2982,0.133,12,6
1619606062214891000,-24,9,0.959892,25.632,0.133,12,6
1619606062223393000,-24,9,0.909838,25.632,0.133,12,6
1619606062231455000,-24,10,0.859789,26,0.133,12,6
1619606062237901000,-24,10,0.807956,26,0.133,12,6
1619606062246073000,-25,10,0.756124,26.9258,0.133,12,6
1619606062253649000,-24,9,0.702388,25.632,0.133,12,6
1619606062263219000,-25,10,0.651407,26.9258,0.133,12,6
1619606062270380000,-25,9,0.597686,26.5707,0.133,12,6
1619606062278823000,-25,8,0.544404,26.2488,0.133,12,6
1619606062289289000,-24,7,0.492463,25,0.133,12,6
1619606062297888000,-25,6,0.444323,25.7099,0.133,12,6
1619606062303084000,-23,5,0.394915,23.5372,0.133,12,6
1619606062311028000,-22,5,0.351809,22.561,0.133,12,6
1619606062319172000,-21,4,0.312256,21.3776,0.133,12,6
1619606062329444000,-20,4,0.276293,20.3961,0.133,12,6
1619606062333949000,-18,4,0.243379,18.4391,0.133,12,6
1619606062342252000,-17,6,0.215757,18.0278,0.133,12,6
1619606062349972000,-17,6,0.187482,18.0278,0.133,12,6
1619606062358126000,-15,6,0.159647,16.1555,0.133,12,6
1619606062365965000,-15,5,0.137399,15.8114,0.133,12,6
1619606062376555000,-14,6,0.116834,15.2315,0.133,12,6
1619606062383945000,-14,6,0.0973508,15.2315,0.133,12,6
1619606062391962000,-15,5,0.0788,15.8114,0.133,12,6
1619606062399346000,-14,6,0.05916,15.2315,0.133,12,6
1619606062406791000,-14,5,0.0406073,14.8661,0.133,12,6
1619606062417141000,-13,5,0.0248477,13.9284,0.133,12,6
1619606062422524000,-13,5,0.0109199,13.9284,0.133,12,6
1619606062433003000,-12,5,-0.00140162,13,0.133,12,6
1619606062438322000,-12,5,-0.0132886,13,0.133,12,6
1619606062447441000,-11,5,-0.0238461,12.083,0.133,12,6
1619606062456350000,-10,4,-0.0322624,10.7703,0.133,12,6
1619606062462510000,-10,4,-0.0390242,10.7703,0.133,12,6
1619606062470130000,-9,3,-0.0434968,9.48683,0.133,12,6
1619606062479486000,-8,3,-0.0457031,8.544,0.133,12,6
1619606062486171000,-7,3,-0.0471247,7.61577,0.133,12,6
1619606062494194000,-7,4,-0.0479918,8.06226,0.133,12,6
1619606062501910000,-7,3,-0.0490666,7.61577,0.133,12,6
1619606062510486000,-7,4,-0.0484135,8.06226,0.133,12,6
1619606062518176000,-6,3,-0.0487098,6.7082,0.133,12,6
1619606062527227000,-5,2,-0.0464203,5.38516,0.133,12,6
1619606062535527000,-6,2,-0.0451564,6.32456,0.133,12,6
1619606062542464000,-6,3,-0.0421414,6.7082,0.133,12,6
1619606062551421000,-5,2,-0.0402265,5.38516,0.133,12,6
1619606062558849000,-5,2,-0.0375746,5.38516,0.133,12,6
1619606062567553000,-5,2,-0.0345366,5.38516,0.133,12,6
1619606062575837000,-5,2,-0.0321673,5.38516,0.133,12,6
1619606062583139000,-4,2,-0.029125,4.47214,0.133,12,6
1619606062591663000,-3,1,-0.0274079,3.16228,0.133,12,6
1619606062600931000,-2,1,-0.0260469,2.23607,0.133,12,6
1619606062662689000,-1,1,-0.0241894,1.41421,0.133,12,6
1619606062678415000,1,2,-0.024653,2.23607,0.133,12,6
1619606062687226000,2,1,-0.0251085,2.23607,0.133,12,6
1619606062695380000,2,2,-0.0264976,2.82843,0.133,12,6
1619606062701973000,3,2,-0.0288263,3.60555,0.133,12,6
1619606062710383000,3,2,-0.0315971,3.60555,0.133,12,6
1619606062718025000,3,3,-0.0339252,4.24264,0.133,12,6
1619606062728874000,3,3,-0.0366849,4.24264,0.133,12,6
1619606062734770000,4,3,-0.0408027,5,0.133,12,6
1619606062741868000,3,2,-0.0444933,3.60555,0.133,12,6
1619606062750120000,3,2,-0.0472134,3.60555,0.133,12,6
1619606062761201000,3,2,-0.0495351,3.60555,0.133,12,6
1619606062767306000,2,1,-0.0532081,2.23607,0.133,12,6
1619606062773745000,2,1,-0.0541773,2.23607,0.133,12,6
1619606062894747000,0,0,-0.0555273,0,0.133,12,6
1619606062998605000,0,0,0.992272,0,0.166,13,7
1619606063126035000,1,0,0.992272,1,0.166,14,7
1619606063134376000,1,0,0.991381,1,0.166,14,7
1619606063143226000,2,0,0.991381,2,0.166,14,7
1619606063150709000,4,0,0.989602,4,0.166,14,7
1619606063157680000,6,-1,0.986934,6.08276,0.166,14,7
1619606063166862000,6,-1,0.982493,6.08276,0.166,14,7
1619606063174232000,7,-2,0.976625,7.28011,0.166,14,7
1619606063182622000,8,-2,0.969328,8.24621,0.166,14,7
1619606063193413000,8,-3,0.96115,8.544,0.166,14,7
1619606063201243000,9,-3,0.952426,9.48683,0.166,14,7
1619606063206992000,10,-4,0.941386,10.7703,0.166,14,7
1619606063214466000,11,-5,0.929469,12.083,0.166,14,7
1619606063222639000,13,-5,0.915564,13.9284,0.166,14,7
1619606063230183000,15,-8,0.899582,17,0.166,14,7
1619606063238085000,18,-10,0.873541,20.5913,0.166,14,7
1619606063245742000,21,-12,0.837677,24.1868,0.166,14,7
1619606063254550000,25,-15,0.791116,29.1548,0.166,14,7
1619606063263176000,26,-16,0.730414,30.5287,0.166,14,7
1619606063271285000,29,-17,0.665392,33.6155,0.166,14,7
1619606063278658000,30,-18,0.592265,34.9857,0.166,14,7
1619606063286621000,31,-18,0.515698,35.8469,0.166,14,7
1619606063295236000,31,-17,0.435977,35.3553,0.166,14,7
1619606063303637000,31,-15,0.357227,34.4384,0.166,14,7
1619606063313780000,29,-13,0.282795,31.7805,0.166,14,7
1619606063319867000,29,-12,0.216749,31.3847,0.166,14,7
1619606063326111000,26,-11,0.153049,28.2312,0.166,14,7
1619606063333451000,24,-10,0.0981837,26,0.166,14,7
1619606063345354000,22,-9,0.0517549,23.7697,0.166,14,7
1619606063351059000,19,-7,0.0142689,20.2485,0.166,14,7
1619606063358235000,14,-6,-0.0116561,15.2315,0.166,14,7
1619606063367583000,10,-4,-0.0263198,10.7703,0.166,14,7
1619606063374345000,5,-2,-0.0333134,5.38516,0.166,14,7
1619606063382493000,2,-1,-0.0362238,2.23607,0.166,14,7
1619606063398766000,-2,-2,-0.0374468,2.82843,0.166,14,7
1619606063406163000,-3,-2,-0.0382661,3.60555,0.166,14,7
1619606063416469000,-4,-3,-0.0388522,5,0.166,14,7
1619606063422837000,-6,-2,-0.0411713,6.32456,0.166,14,7
1619606063430754000,-6,-3,-0.0414833,6.7082,0.166,14,7
1619606063438163000,-5,-2,-0.0427836,5.38516,0.166,14,7
1619606063449836000,-3,-2,-0.041872,3.60555,0.166,14,7
1619606063455388000,-2,-1,-0.0429741,2.23607,0.166,14,7
1619606063461920000,-1,-1,-0.0425522,1.41421,0.166,14,7
1619606063479051000,0,-1,-0.0430697,1,0.166,14,7
1619606063486259000,1,-3,-0.0440149,3.16228,0.166,14,7
1619606063495396000,2,-2,-0.0459004,2.82843,0.166,14,7
1619606063502480000,4,-2,-0.0477258,4.47214,0.166,14,7
1619606063512024000,4,-3,-0.0509069,5,0.166,14,7
1619606063518374000,5,-3,-0.0540524,5.83095,0.166,14,7
1619606063527493000,6,-4,-0.0585092,7.2111,0.166,14,7
1619606063534316000,6,-4,-0.0645667,7.2111,0.166,14,7
1619606063542481000,5,-4,-0.0694161,6.40312,0.166,14,7
1619606063552279000,5,-5,-0.0747688,7.07107,0.166,14,7
1619606063558611000,4,-4,-0.0809604,5.65685,0.166,14,7
1619606063568961000,3,-4,-0.0845815,5,0.166,14,7
1619606063574328000,3,-4,-0.0890136,5,0.166,14,7
1619606063582511000,2,-3,-0.0924998,3.60555,0.166,14,7
1619606063591211000,1,-2,-0.0946764,2.23607,0.166,14,7
1619606063601958000,1,-2,-0.096843,2.23607,0.166,14,7
1619606063615431000,0,-1,-0.0979595,1,0.166,14,7
1619606063655431000,0,-1,-0.0989987,1,0.166,14,7
1619606063664487000,-1,-3,-0.0989987,3.16228,0.166,14,7
1619606063670374000,-2,-2,-0.101077,2.82843,0.166,14,7
1619606063679139000,-2,-2,-0.102968,2.82843,0.166,14,7
1619606063686650000,-2,-2,-0.103883,2.82843,0.166,14,7
1619606063694773000,-2,-3,-0.104776,3.60555,0.166,14,7
1619606063702519000,-3,-3,-0.106493,4.24264,0.166,14,7
1619606063710304000,-3,-2,-0.109125,3.60555,0.166,14,7
1619606063717898000,-3,-3,-0.109621,4.24264,0.166,14,7
1619606063726254000,-4,-3,-0.112003,5,0.166,14,7
1619606063735476000,-3,-2,-0.112461,3.60555,0.166,14,7
1619606063742245000,-4,-3,-0.113474,5,0.166,14,7
1619606063750162000,-3,-2,-0.113818,3.60555,0.166,14,7
1619606063758666000,-2,-1,-0.113893,2.23607,0.166,14,7
1619606063765817000,-2,-1,-0.113294,2.23607,0.166,14,7
1619606063774547000,-1,-1,-0.113516,1.41421,0.166,14,7
1619606063829756000,0,0,-0.112881,0,0.166,14,7
1619606063910743000,0,0,0.436543,0,0.166,15,8
1619606064105244000,1,0,0.436543,1,0.166,16,8
1619606064110917000,2,0,0.436543,2,0.166,16,8
1619606064119032000,5,1,0.435502,5.09902,0.166,16,8
1619606064125976000,5,1,0.430298,5.09902,0.166,16,8
1619606064134617000,7,1,0.426094,7.07107,0.166,16,8
1619606064143066000,8,1,0.418769,8.06226,0.166,16,8
1619606064150183000,9,2,0.410403,9.21954,0.166,16,8
1619606064159019000,9,2,0.400964,9.21954,0.166,16,8
1619606064165647000,10,2,0.390488,10.198,0.166,16,8
1619606064173741000,10,1,0.378951,10.0499,0.166,16,8
1619606064182895000,11,2,0.367472,11.1803,0.166,16,8
1619606064192332000,11,2,0.354931,11.1803,0.166,16,8
1619606064199848000,13,2,0.342397,13.1529,0.166,16,8
1619606064208492000,13,3,0.326745,13.3417,0.166,16,8
1619606064215775000,14,2,0.31109,14.1421,0.166,16,8
1619606064224602000,14,3,0.293379,14.3178,0.166,16,8
1619606064230626000,14,3,0.275695,14.3178,0.166,16,8
1619606064238785000,14,3,0.258054,14.3178,0.166,16,8
1619606064246566000,14,3,0.24043,14.3178,0.166,16,8
1619606064254943000,14,2,0.223921,14.1421,0.166,16,8
1619606064261918000,13,3,0.206325,13.3417,0.166,16,8
1619606064271498000,13,1,0.190957,13.0384,0.166,16,8
1619606064278192000,14,1,0.175434,14.0357,0.166,16,8
1619606064285513000,13,0,0.157846,13,0.166,16,8
1619606064294429000,14,0,0.142268,14,0.166,16,8
1619606064302312000,15,0,0.124619,15,0.166,16,8
1619606064311040000,15,-2,0.104903,15.1327,0.166,16,8
1619606064318438000,14,-2,0.0839667,14.1421,0.166,16,8
1619606064325839000,13,-2,0.0660547,13.1529,0.166,16,8
1619606064334762000,11,-2,0.0503121,11.1803,0.166,16,8
1619606064341384000,10,-3,0.037689,10.4403,0.166,16,8
1619606064350469000,8,-3,0.0260439,8.544,0.166,16,8
1619606064357588000,6,-2,0.0175504,6.32456,0.166,16,8
1619606064365902000,5,-2,0.0112161,5.38516,0.166,16,8
1619606064375313000,4,-2,0.00698366,4.47214,0.166,16,8
1619606064381925000,3,-2,0.0038343,3.60555,0.166,16,8
1619606064390677000,4,-2,0.00171921,4.47214,0.166,16,8
1619606064398989000,4,-2,-0.00141223,4.47214,0.166,16,8
1619606064406104000,2,-2,-0.00453043,2.82843,0.166,16,8
1619606064413679000,3,-2,-0.00659998,3.60555,0.166,16,8
1619606064422711000,2,-1,-0.00863471,2.23607,0.166,16,8
1619606064430447000,3,-2,-0.00967589,3.60555,0.166,16,8
1619606064439795000,3,-1,-0.0116809,3.16228,0.166,16,8
1619606064446199000,3,-1,-0.0137122,3.16228,0.166,16,8
1619606064457176000,3,-1,-0.016833,3.16228,0.166,16,8
1619606064461996000,2,-1,-0.0188544,2.23607,0.166,16,8
1619606064470355000,2,-1,-0.0198273,2.23607,0.166,16,8
1619606064480954000,1,0,-0.0208665,1,0.166,16,8
1619606064486393000,2,0,-0.0219058,2,0.166,16,8
1619606064494370000,1,0,-0.022945,1,0.166,16,8
1619606064502369000,1,0,-0.0239841,1,0.166,16,8
1619606064510427000,1,0,-0.0239841,1,0.166,16,8
1619606064520650000,2,0,-0.0250232,2,0.166,16,8
1619606064525522000,2,0,-0.0260623,2,0.166,16,8
1619606064535437000,2,0,-0.0281403,2,0.166,16,8
1619606064542446000,3,0,-0.0291793,3,0.166,16,8
1619606064552602000,4,0,-0.0312571,4,0.166,16,8
1619606064558566000,6,-1,-0.0343735,6.08276,0.166,16,8
1619606064566667000,6,-1,-0.0405183,6.08276,0.166,16,8
1619606064574940000,5,0,-0.0456067,5,0.166,16,8
1619606064582511000,6,0,-0.050788,6,0.166,16,8
1619606064590403000,5,0,-0.0559667,5,0.166,16,8
1619606064597981000,4,0,-0.0601076,4,0.166,16,8
1619606064606158000,3,0,-0.0632119,3,0.166,16,8
1619606064617204000,2,0,-0.066315,2,0.166,16,8
1619606064623181000,2,0,-0.067349,2,0.166,16,8
1619606064632564000,1,0,-0.0683828,1,0.166,16,8
1619606064654828000,1,0,-0.0694166,1,0.166,16,8
1619606064662384000,1,0,-0.0694166,1,0.166,16,8
1619606064678542000,1,0,-0.0704501,1,0.166,16,8
1619606064686226000,1,0,-0.0714834,1,0.166,16,8
1619606064695191000,2,1,-0.0714834,2.23607,0.166,16,8
1619606064704601000,1,1,-0.0725166,1.41421,0.166,16,8
1619606064733858000,0,0,-0.0736789,0,0.166,16,8
1619606064879728000,0,0,1.21834,0,0.133,17,9
1619606064894459000,-1,2,1.21834,2.23607,0.133,18,9
1619606064902056000,-1,1,1.21803,1.41421,0.133,18,9
1619606064910412000,-1,1,1.21673,1.41421,0.133,18,9
1619606064918228000,-2,1,1.21673,2.23607,0.133,18,9
1619606064926106000,-3,2,1.21443,3.60555,0.133,18,9
1619606064934456000,-3,2,1.21213,3.60555,0.133,18,9
1619606064942851000,-4,1,1.20952,4.12311,0.133,18,9
1619606064950671000,-4,2,1.20623,4.47214,0.133,18,9
1619606064958193000,-5,2,1.20294,5.38516,0.133,18,9
1619606064966653000,-6,2,1.19834,6.32456,0.133,18,9
1619606064975772000,-6,3,1.19175,6.7082,0.133,18,9
1619606064982146000,-8,3,1.18616,8.544,0.133,18,9
1619606064990354000,-8,3,1.17628,8.544,0.133,18,9
1619606064998210000,-10,4,1.16709,10.7703,0.133,18,9
1619606065007118000,-11,4,1.15492,11.7047,0.133,18,9
1619606065019286000,-12,5,1.14175,13,0.133,18,9
1619606065026832000,-14,6,1.12597,15.2315,0.133,18,9
1619606065030881000,-16,6,1.10561,17.088,0.133,18,9
1619606065038794000,-19,6,1.07897,19.9249,0.133,18,9
1619606065046949000,-21,6,1.04635,21.8403,0.133,18,9
1619606065057233000,-22,5,1.00614,22.561,0.133,18,9
1619606065062394000,-25,6,0.965533,25.7099,0.133,18,9
1619606065070380000,-26,8,0.914364,27.2029,0.133,18,9
1619606065078766000,-29,7,0.859683,29.8329,0.133,18,9
1619606065085876000,-30,9,0.79765,31.3209,0.133,18,9
1619606065094575000,-31,10,0.730412,32.573,0.133,18,9
1619606065103727000,-32,12,0.660256,34.176,0.133,18,9
1619606065113053000,-32,12,0.584899,34.176,0.133,18,9
1619606065118242000,-33,13,0.509271,35.4683,0.133,18,9
1619606065126655000,-32,13,0.431411,34.5398,0.133,18,9
1619606065133904000,-32,12,0.355391,34.176,0.133,18,9
1619606065143856000,-31,13,0.28032,33.6155,0.133,18,9
1619606065150031000,-31,12,0.208043,33.2415,0.133,18,9
1619606065158649000,-30,12,0.136495,32.311,0.133,18,9
1619606065167446000,-28,11,0.0691496,30.0832,0.133,18,9
1619606065176841000,-26,10,0.00915089,27.8568,0.133,18,9
1619606065182475000,-24,10,-0.0395111,26,0.133,18,9
1619606065190347000,-22,9,-0.0704655,23.7697,0.133,18,9
1619606065197981000,-20,8,-0.0700354,21.5407,0.133,18,9
1619606065207388000,-18,7,-0.0474675,19.3132,0.133,18,9
1619606065214161000,-16,5,-0.0220179,16.7631,0.133,18,9
1619606065222286000,-14,5,-0.00172961,14.8661,0.133,18,9
1619606065230325000,-11,4,0.0151482,11.7047,0.133,18,9
1619606065239122000,-9,3,0.0271533,9.48683,0.133,18,9
1619606065247849000,-8,3,0.03774,8.544,0.133,18,9
1619606065254578000,-6,2,0.0461321,6.32456,0.133,18,9
1619606065262450000,-4,2,0.052294,4.47214,0.133,18,9
1619606065271741000,-2,1,0.0553858,2.23607,0.133,18,9
1619606065278902000,-2,1,0.0568493,2.23607,0.133,18,9
1619606065390469000,1,-3,0.0576657,3.16228,0.133,18,9
1619606065398691000,2,-3,0.0563816,3.60555,0.133,18,9
1619606065405820000,3,-4,0.0534588,5,0.133,18,9
1619606065416081000,3,-4,0.0499035,5,0.133,18,9
1619606065424436000,3,-5,0.044898,5.83095,0.133,18,9
1619606065429782000,4,-5,0.0407442,6.40312,0.133,18,9
1619606065438176000,4,-5,0.0349238,6.40312,0.133,18,9
1619606065447542000,3,-4,0.0285056,5,0.133,18,9
1619606065454286000,3,-4,0.0250069,5,0.133,18,9
1619606065463478000,3,-4,0.0200732,5,0.133,18,9
1619606065471952000,3,-3,0.0166021,4.24264,0.133,18,9
1619606065479332000,2,-2,0.0122728,2.82843,0.133,18,9
1619606065485584000,2,-2,0.0108309,2.82843,0.133,18,9
1619606065494484000,2,-3,0.00938962,3.60555,0.133,18,9
1619606065501973000,2,-3,0.00650907,3.60555,0.133,18,9
1619606065509587000,3,-3,0.00395815,4.24264,0.133,18,9
1619606065519496000,4,-3,0.00109045,5,0.133,18,9
1619606065526198000,4,-4,-0.00354943,5.65685,0.133,18,9
1619606065533628000,5,-4,-0.00838583,6.40312,0.133,18,9
1619606065542262000,5,-4,-0.0144598,6.40312,0.133,18,9
1619606065549613000,5,-4,-0.0201657,6.40312,0.133,18,9
1619606065558252000,5,-3,-0.0267581,5.83095,0.133,18,9
1619606065570352000,5,-3,-0.0314095,5.83095,0.133,18,9
1619606065574879000,4,-3,-0.037482,5,0.133,18,9
1619606065582248000,4,-2,-0.0412284,4.47214,0.133,18,9
1619606065590471000,3,-1,-0.0449739,3.16228,0.133,18,9
1619606065598606000,2,-1,-0.0473003,2.23607,0.133,18,9
1619606065606438000,1,-1,-0.0482059,1.41421,0.133,18,9
1619606065623240000,1,0,-0.0496265,1,0.133,18,9
1619606065630084000,1,0,-0.0505313,1,0.133,18,9
1619606065647164000,2,-1,-0.0505313,2.23607,0.133,18,9
1619606065657742000,1,-1,-0.0519526,1.41421,0.133,18,9
1619606065671292000,1,0,-0.0528565,1,0.133,18,9
1619606065678348000,1,0,-0.0537571,1,0.133,18,9
1619606065685672000,1,0,-0.0537571,1,0.133,18,9
1619606065695462000,0,0,-0.0546542,0,0.133,18,9
1619606065781863000,0,0,1.43235,0,0.166,19,10
1619606065934607000,2,-1,1.43235,2.23607,0.166,20,10
1619606065942345000,2,-1,1.43094,2.23607,0.166,20,10
1619606065951622000,4,-2,1.43002,4.47214,0.166,20,10
1619606065959164000,6,-5,1.42536,7.81025,0.166,20,10
1619606065966607000,9,-7,1.41832,11.4018,0.166,20,10
1619606065976262000,13,-10,1.40522,16.4012,0.166,20,10
1619606065983715000,16,-12,1.38091,20,0.166,20,10
1619606065990034000,19,-15,1.34727,24.2074,0.166,20,10
1619606065998375000,22,-18,1.30197,28.4253,0.166,20,10
1619606066006614000,26,-20,1.24414,32.8024,0.166,20,10
1619606066013464000,30,-21,1.17433,36.6197,0.166,20,10
1619606066021629000,35,-22,1.09392,41.3401,0.166,20,10
1619606066029533000,39,-22,0.998681,44.7772,0.166,20,10
1619606066039096000,42,-22,0.894077,47.4131,0.166,20,10
1619606066047011000,43,-19,0.78013,47.0106,0.166,20,10
1619606066054029000,43,-16,0.668655,45.8803,0.166,20,10
1619606066062403000,44,-14,0.559762,46.1736,0.166,20,10
1619606066070204000,43,-13,0.451318,44.9222,0.166,20,10
1619606066080296000,41,-13,0.347489,43.0116,0.166,20,10
1619606066086821000,39,-12,0.248086,40.8044,0.166,20,10
1619606066094011000,35,-9,0.157206,36.1386,0.166,20,10
1619606066102671000,32,-7,0.0828404,32.7567,0.166,20,10
1619606066111089000,28,-6,0.0230716,28.6356,0.166,20,10
1619606066117842000,23,-5,-0.0192459,23.5372,0.166,20,10
1619606066125557000,19,-3,-0.0413025,19.2354,0.166,20,10
1619606066134366000,14,-2,-0.0463331,14.1421,0.166,20,10
1619606066141328000,10,-1,-0.0462993,10.0499,0.166,20,10
1619606066150476000,5,0,-0.0439246,5,0.166,20,10
1619606066157769000,3,0,-0.0424536,3,0.166,20,10
1619606066166136000,1,0,-0.0416722,1,0.166,20,10
1619606066173399000,1,0,-0.0412703,1,0.166,20,10
1619606066392108000,-2,-4,-0.0408611,4.47214,0.166,20,10
1619606066397676000,-3,-3,-0.0441427,4.24264,0.166,20,10
1619606066407444000,-3,-3,-0.0468787,4.24264,0.166,20,10
1619606066415655000,-3,-3,-0.0509635,4.24264,0.166,20,10
1619606066424953000,-3,-3,-0.0536726,4.24264,0.166,20,10
1619606066431209000,-2,-3,-0.0563694,3.60555,0.166,20,10
1619606066438134000,-2,-3,-0.0590531,3.60555,0.166,20,10
1619606066446984000,-2,-2,-0.0623453,2.82843,0.166,20,10
1619606066453465000,-2,-2,-0.0636825,2.82843,0.166,20,10
1619606066462530000,-2,-1,-0.0653617,2.23607,0.166,20,10
1619606066470376000,-2,-2,-0.0666848,2.82843,0.166,20,10
1619606066478964000,-3,-2,-0.0680037,3.60555,0.166,20,10
1619606066486950000,-4,-2,-0.070937,4.47214,0.166,20,10
1619606066495863000,-5,-3,-0.0728063,5.83095,0.166,20,10
1619606066504811000,-5,-3,-0.0768634,5.83095,0.166,20,10
1619606066511919000,-6,-2,-0.0797725,6.32456,0.166,20,10
1619606066519208000,-6,-2,-0.0827994,6.32456,0.166,20,10
1619606066528688000,-6,-3,-0.0853449,6.7082,0.166,20,10
1619606066534130000,-5,-2,-0.0886006,5.38516,0.166,20,10
1619606066543739000,-4,-2,-0.0894503,4.47214,0.166,20,10
1619606066551658000,-4,-2,-0.0912279,4.47214,0.166,20,10
1619606066558333000,-3,-1,-0.0918277,3.16228,0.166,20,10
1619606066567869000,-3,-1,-0.0924895,3.16228,0.166,20,10
1619606066574610000,-2,-1,-0.0930828,2.23607,0.166,20,10
1619606066583169000,-2,-1,-0.0936061,2.23607,0.166,20,10
1619606066590719000,-2,-1,-0.0933386,2.23607,0.166,20,10
1619606066598048000,-1,-1,-0.0940578,1.41421,0.166,20,10
1619606066607827000,-1,-1,-0.0937586,1.41421,0.166,20,10
1619606066686099000,0,0,-0.0944364,0,0.166,20,10
1619606066789572000,0,0,-0.0944364,0,0.166,20,10
1619606066909346000,-1,-1,-0.0944364,1.41421,0.166,20,10
1619606066917392000,-1,-3,-0.0632552,3.16228,0.166,20,10
1619606066925291000,-2,-4,-0.0650526,4.47214,0.166,20,10
1619606066933250000,-2,-5,-0.0678373,5.38516,0.166,20,10
1619606066941284000,-3,-5,-0.0713077,5.83095,0.166,20,10
1619606066949468000,-3,-4,-0.0743417,5,0.166,20,10
1619606066957828000,-3,-3,-0.0775518,4.24264,0.166,20,10
1619606066966106000,-3,-3,-0.0787104,4.24264,0.166,20,10
1619606066973824000,-2,-2,-0.0793461,2.82843,0.166,20,10
1619606066981609000,-2,-2,-0.0807691,2.82843,0.166,20,10
1619606066989572000,-1,-2,-0.0812275,2.23607,0.166,20,10
1619606066997270000,-1,-1,-0.0816627,1.41421,0.166,20,10
1619606067205378000,0,0,-0.0820743,0,0.166,20,10
1619606067325643000,0,0,-0.0820743,0,0.166,20,10
1619606067581292000,-1,-1,-0.0820743,1.41421,0.166,20,10
1619606067597275000,-3,1,-0.101094,3.16228,0.166,20,10
1619606067605867000,-2,1,-0.0997577,2.23607,0.166,20,10
1619606067613287000,-1,0,-0.0976052,1,0.166,20,10
1619606067621259000,-3,1,-0.0976052,3.16228,0.166,20,10
1619606067629354000,-2,0,-0.0954414,2,0.166,20,10
1619606067637418000,-4,1,-0.0940292,4.12311,0.166,20,10
1619606067645417000,-3,1,-0.0918514,3.16228,0.166,20,10
1619606067653269000,-3,0,-0.0896376,3,0.166,20,10
1619606067661350000,-5,1,-0.0881354,5.09902,0.166,20,10
1619606067670639000,-3,0,-0.0843626,3,0.166,20,10
1619606067678743000,-4,0,-0.082009,4,0.166,20,10
1619606067685300000,-4,0,-0.0796065,4,0.166,20,10
1619606067693250000,-5,0,-0.077159,5,0.166,20,10
1619606067701357000,-6,0,-0.0738319,6,0.166,20,10
1619606067709342000,-5,0,-0.06872,5,0.166,20,10
1619606067717423000,-6,0,-0.0652407,6,0.166,20,10
1619606067725255000,-5,0,-0.0608213,5,0.166,20,10
1619606067733474000,-6,0,-0.0563326,6,0.166,20,10
1619606067741471000,-5,0,-0.0517829,5,0.166,20,10
1619606067749775000,-7,1,-0.0481038,7.07107,0.166,20,10
1619606067757301000,-6,1,-0.0411318,6.08276,0.166,20,10
1619606067765305000,-5,1,-0.0350573,5.09902,0.166,20,10
1619606067773311000,-6,1,-0.0308466,6.08276,0.166,20,10
1619606067781263000,-5,1,-0.0247382,5.09902,0.166,20,10
1619606067789358000,-5,1,-0.0209371,5.09902,0.166,20,10
1619606067797269000,-4,1,-0.0167032,4.12311,0.166,20,10
1619606067805695000,-4,1,-0.013422,4.12311,0.166,20,10
1619606067813318000,-3,0,-0.0101403,3,0.166,20,10
1619606067821411000,-5,1,-0.00822539,5.09902,0.166,20,10
1619606067829430000,-4,1,-0.00398205,4.12311,0.166,20,10
1619606067837827000,-3,1,-0.000133241,3.16228,0.166,20,10
1619606067845303000,-4,1,0.00218945,4.12311,0.166,20,10
1619606067853322000,-4,1,0.00547611,4.12311,0.166,20,10
1619606067861373000,-4,2,0.00876307,4.47214,0.166,20,10
1619606067870511000,-4,1,0.0120502,4.12311,0.166,20,10
1619606067877444000,-4,2,0.0153377,4.47214,0.166,20,10
1619606067885283000,-5,2,0.0190175,5.38516,0.166,20,10
1619606067893442000,-4,2,0.0232692,4.47214,0.166,20,10
1619606067901337000,-5,2,0.0269496,5.38516,0.166,20,10
1619606067909417000,-4,2,0.0321662,4.47214,0.166,20,10
1619606067917293000,-4,1,0.0358456,4.12311,0.166,20,10
1619606067926523000,-4,2,0.0391326,4.47214,0.166,20,10
1619606067933550000,-4,2,0.0424198,4.47214,0.166,20,10
1619606067941756000,-4,2,0.0461003,4.47214,0.166,20,10
1619606067949409000,-5,2,0.049387,5.38516,0.166,20,10
1619606067957669000,-5,3,0.0540325,5.83095,0.166,20,10
1619606067966499000,-5,4,0.0590781,6.40312,0.166,20,10
1619606067974014000,-5,5,0.0650902,7.07107,0.166,20,10
1619606067984876000,-4,5,0.0719304,6.40312,0.166,20,10
1619606067991020000,-5,6,0.0778512,7.81025,0.166,20,10
1619606068001082000,-5,6,0.0851945,7.81025,0.166,20,10
1619606068007063000,-5,6,0.0916484,7.81025,0.166,20,10
1619606068015051000,-4,5,0.0990883,6.40312,0.166,20,10
1619606068022211000,-4,5,0.104689,6.40312,0.166,20,10
1619606068030458000,-4,5,0.110783,6.40312,0.166,20,10
1619606068039367000,-4,4,0.116413,5.65685,0.166,20,10
1619606068046996000,-3,5,0.121137,5.83095,0.166,20,10
1619606068053884000,-3,5,0.124966,5.83095,0.166,20,10
1619606068064723000,-2,6,0.129725,6.32456,0.166,20,10
1619606068069589000,-2,7,0.13464,7.28011,0.166,20,10
1619606068078454000,-1,9,0.140156,9.05539,0.166,20,10
1619606068087725000,0,10,0.145994,10,0.166,20,10
1619606068095953000,2,15,0.152311,15.1327,0.166,20,10
1619606068104101000,3,15,0.16285,15.2971,0.166,20,10
1619606068110789000,5,15,0.172093,15.8114,0.166,20,10
1619606068118644000,6,15,0.18073,16.1555,0.166,20,10
1619606068126377000,5,14,0.190588,14.8661,0.166,20,10
1619606068134265000,6,13,0.19979,14.3178,0.166,20,10
1619606068144444000,6,12,0.208246,13.4164,0.166,20,10
1619606068156188000,6,10,0.214825,11.6619,0.166,20,10
1619606068159595000,6,9,0.220163,10.8167,0.166,20,10
1619606068168010000,5,7,0.225561,8.60233,0.166,20,10
1619606068174695000,6,5,0.229093,7.81025,0.166,20,10
1619606068181421000,7,4,0.230468,8.06226,0.166,20,10
1619606068193056000,9,3,0.23102,9.48683,0.166,20,10
1619606068201933000,9,1,0.229486,9.05539,0.166,20,10
1619606068208749000,10,0,0.225864,10,0.166,20,10
1619606068216511000,12,-1,0.221118,12.0416,0.166,20,10
1619606068224598000,11,-1,0.214909,11.0454,0.166,20,10
1619606068230498000,12,-4,0.209448,12.6491,0.166,20,10
1619606068238883000,12,-4,0.20071,12.6491,0.166,20,10
1619606068247796000,12,-6,0.191695,13.4164,0.166,20,10
1619606068257333000,12,-7,0.180772,13.8924,0.166,20,10
1619606068262464000,11,-9,0.169267,14.2127,0.166,20,10
1619606068271024000,11,-11,0.156364,15.5563,0.166,20,10
1619606068279163000,9,-11,0.138411,14.2127,0.166,20,10
1619606068286162000,7,-12,0.123653,13.8924,0.166,20,10
1619606068294311000,6,-12,0.108302,13.4164,0.166,20,10
1619606068302059000,5,-12,0.0931982,13,0.166,20,10
1619606068310622000,4,-12,0.0793327,12.6491,0.166,20,10
1619606068318258000,3,-11,0.0646069,11.4018,0.166,20,10
1619606068326280000,2,-10,0.0520252,10.198,0.166,20,10
1619606068334485000,1,-10,0.0405532,10.0499,0.166,20,10
1619606068342913000,0,-8,0.0290956,8,0.166,20,10
1619606068351028000,1,-10,0.0207623,10.0499,0.166,20,10
1619606068358038000,-1,-8,0.00931102,8.06226,0.166,20,10
1619606068366353000,-1,-8,0.000970747,8.06226,0.166,20,10
1619606068375093000,-1,-8,-0.00736336,8.06226,0.166,20,10
1619606068383982000,-2,-8,-0.0167319,8.24621,0.166,20,10
1619606068390033000,-3,-8,-0.0250283,8.544,0.166,20,10
1619606068401103000,-3,-7,-0.0332392,7.61577,0.166,20,10
1619606068408087000,-3,-6,-0.040317,6.7082,0.166,20,10
1619606068415256000,-3,-6,-0.0463588,6.7082,0.166,20,10
1619606068423777000,-3,-5,-0.0511747,5.83095,0.166,20,10
1619606068430878000,-3,-5,-0.0548386,5.83095,0.166,20,10
1619606068439419000,-3,-4,-0.0595986,5,0.166,20,10
1619606068447341000,-2,-4,-0.0620095,4.47214,0.166,20,10
1619606068456165000,-2,-4,-0.064807,4.47214,0.166,20,10
1619606068462482000,-3,-3,-0.0672998,4.24264,0.166,20,10
1619606068470503000,-2,-3,-0.0687153,3.60555,0.166,20,10
1619606068479285000,-2,-3,-0.0710478,3.60555,0.166,20,10
1619606068489786000,-2,-2,-0.0726695,2.82843,0.166,20,10
1619606068494338000,-2,-2,-0.0732867,2.82843,0.166,20,10
1619606068504340000,-2,-2,-0.0734981,2.82843,0.166,20,10
1619606068510318000,-2,-2,-0.0750204,2.82843,0.166,20,10
1619606068517856000,-1,-2,-0.0755576,2.23607,0.166,20,10
1619606068526369000,-2,-2,-0.0760739,2.82843,0.166,20,10
1619606068534891000,-2,-2,-0.0775056,2.82843,0.166,20,10
1619606068543196000,-2,-2,-0.0774938,2.82843,0.166,20,10
1619606068551096000,-3,-2,-0.0779229,3.60555,0.166,20,10
1619606068558349000,-2,-2,-0.0787127,2.82843,0.166,20,10
1619606068566035000,-1,-1,-0.0790729,1.41421,0.166,20,10
1619606068575102000,-1,-1,-0.0794096,1.41421,0.166,20,10
1619606068584230000,-1,-2,-0.078849,2.23607,0.166,20,10
1619606068590448000,-1,-1,-0.0797223,1.41421,0.166,20,10
1619606068599112000,-1,-2,-0.0800109,2.23607,0.166,20,10
1619606068606591000,-1,-2,-0.0808707,2.23607,0.166,20,10
1619606068615136000,-1,-2,-0.0819702,2.23607,0.166,20,10
1619606068622876000,-1,-3,-0.0821889,3.16228,0.166,20,10
1619606068634171000,0,-2,-0.083201,2,0.166,20,10
1619606068638776000,-1,-4,-0.0840148,4.12311,0.166,20,10
1619606068647485000,0,-2,-0.0864242,2,0.166,20,10
1619606068655004000,0,-4,-0.0880022,4,0.166,20,10
1619606068661746000,0,-4,-0.0903234,4,0.166,20,10
1619606068670090000,1,-4,-0.092585,4.12311,0.166,20,10
1619606068677749000,0,-1,-0.0947812,1,0.166,20,10
1619606068685552000,0,-1,-0.0954977,1,0.166,20,10
1619606068696680000,0,-1,-0.0954977,1,0.166,20,10
1619606068727055000,0,0,-0.096206,0,0.166,20,10
1619606068797315000,0,0,-0.096206,0,0.166,20,10
1619606068870299000,-1,-1,-0.096206,1.41421,0.166,20,10
1619606068879862000,-1,0,-0.096206,1,0.166,20,10
1619606068886798000,-5,1,-0.0954348,5.09902,0.166,20,10
1619606068894091000,-5,1,-0.0922836,5.09902,0.166,20,10
1619606068903433000,-6,1,-0.0883929,6.08276,0.166,20,10
1619606068910270000,-6,1,-0.082792,6.08276,0.166,20,10
1619606068919167000,-7,1,-0.0779492,7.07107,0.166,20,10
1619606068925452000,-8,2,-0.0713116,8.24621,0.166,20,10
1619606068933568000,-8,1,-0.0631428,8.06226,0.166,20,10
1619606068941499000,-7,2,-0.0545197,7.28011,0.166,20,10
1619606068949500000,-7,3,-0.0480421,7.61577,0.166,20,10
1619606068958700000,-7,3,-0.0401426,7.61577,0.166,20,10
1619606068966182000,-7,2,-0.0322392,7.28011,0.166,20,10
1619606068973808000,-6,3,-0.0248141,6.7082,0.166,20,10
1619606068982391000,-5,2,-0.017827,5.38516,0.166,20,10
1619606068991338000,-5,2,-0.0136439,5.38516,0.166,20,10
1619606068998132000,-4,2,-0.00898553,4.47214,0.166,20,10
1619606069007700000,-4,2,-0.00525518,4.47214,0.166,20,10
1619606069016627000,-3,1,-0.00199793,3.16228,0.166,20,10
1619606069030007000,-1,0,0.000331227,1,0.166,20,10
1619606069118754000,-1,-1,0.00126068,1.41421,0.166,20,10
1619606069133997000,0,-2,0.0021915,2,0.166,20,10
1619606069142892000,1,-4,0.00172771,4.12311,0.166,20,10
1619606069153085000,1,-3,0.000367718,3.16228,0.166,20,10
1619606069158456000,2,-4,-0.00189292,4.47214,0.166,20,10
1619606069167477000,4,-5,-0.0050718,6.40312,0.166,20,10
1619606069175636000,4,-5,-0.0095907,6.40312,0.166,20,10
1619606069183190000,4,-6,-0.0154189,7.2111,0.166,20,10
1619606069191206000,4,-4,-0.0215329,5.65685,0.166,20,10
1619606069198117000,5,-4,-0.0255237,6.40312,0.166,20,10
1619606069205830000,4,-3,-0.0317931,5,0.166,20,10
1619606069214080000,4,-3,-0.035409,5,0.166,20,10
1619606069223890000,4,-2,-0.0403195,4.47214,0.166,20,10
1619606069229718000,4,-2,-0.0439125,4.47214,0.166,20,10
1619606069239264000,3,-2,-0.0472046,3.60555,0.166,20,10
1619606069246994000,3,-1,-0.049784,3.16228,0.166,20,10
1619606069255624000,3,-1,-0.0517877,3.16228,0.166,20,10
1619606069264441000,2,-1,-0.0540769,2.23607,0.166,20,10
1619606069270320000,2,-1,-0.0563645,2.23607,0.166,20,10
1619606069278444000,1,0,-0.0573674,1,0.166,20,10
1619606069288544000,3,-1,-0.0583696,3.16228,0.166,20,10
1619606069294595000,1,0,-0.0606577,1,0.166,20,10
1619606069303517000,3,0,-0.0606577,3,0.166,20,10
1619606069309884000,3,-1,-0.0626622,3.16228,0.166,20,10
1619606069319677000,1,0,-0.0659531,1,0.166,20,10
1619606069326604000,3,-1,-0.0659531,3.16228,0.166,20,10
1619606069334189000,2,0,-0.0679552,2,0.166,20,10
1619606069342268000,3,-1,-0.0699538,3.16228,0.166,20,10
1619606069351511000,2,0,-0.0722469,2,0.166,20,10
1619606069359552000,4,-1,-0.0732461,4.12311,0.166,20,10
1619606069366958000,3,-1,-0.0765382,3.16228,0.166,20,10
1619606069374060000,2,0,-0.0788301,2,0.166,20,10
1619606069383121000,4,-1,-0.0808291,4.12311,0.166,20,10
1619606069392495000,1,0,-0.0838199,1,0.166,20,10
1619606069398469000,2,0,-0.0838199,2,0.166,20,10
1619606069406511000,1,0,-0.085808,1,0.166,20,10
1619606069415234000,1,0,-0.085808,1,0.166,20,10
1619606069422378000,1,0,-0.0868002,1,0.166,20,10
1619606069438163000,1,0,-0.0868002,1,0.166,20,10
1619606069502048000,0,0,-0.0877911,0,0.166,20,10
1619606069597308000,0,0,-0.0877911,0,0.166,20,10
1619606069686926000,-1,0,-0.0877911,1,0.166,20,10
1619606069694441000,-2,0,-0.0877911,2,0.166,20,10
1619606069703296000,-4,1,-0.0868002,4.12311,0.166,20,10
1619606069710726000,-1,0,-0.0838199,1,0.166,20,10
1619606069719062000,-2,0,-0.082824,2,0.166,20,10
1619606069726686000,-2,1,-0.0818271,2.23607,0.166,20,10
1619606069733736000,-1,0,-0.0795311,1,0.166,20,10
1619606069745392000,-2,0,-0.0795311,2,0.166,20,10
1619606069751892000,-3,1,-0.0775368,3.16228,0.166,20,10
1619606069761116000,-1,0,-0.0752417,1,0.166,20,10
1619606069766220000,-1,0,-0.0752417,1,0.166,20,10
1619606069774525000,-1,0,-0.0742444,1,0.166,20,10
1619606069781987000,-1,0,-0.0742444,1,0.166,20,10
1619606069790517000,-1,0,-0.0732461,1,0.166,20,10
1619606069798318000,-1,0,-0.0722469,1,0.166,20,10
1619606069808665000,-1,0,-0.0722469,1,0.166,20,10
1619606069815775000,-1,0,-0.0712467,1,0.166,20,10
1619606069822812000,-1,0,-0.0712467,1,0.166,20,10
1619606069829921000,-2,1,-0.0702457,2.23607,0.166,20,10
1619606069840067000,-2,1,-0.0692438,2.23607,0.166,20,10
1619606069846716000,-2,1,-0.0669545,2.23607,0.166,20,10
1619606069855179000,-3,1,-0.0656629,3.16228,0.166,20,10
1619606069863152000,-3,1,-0.0636633,3.16228,0.166,20,10
1619606069870524000,-4,2,-0.0613717,4.47214,0.166,20,10
1619606069877962000,-4,2,-0.0577807,4.47214,0.166,20,10
1619606069885541000,-4,3,-0.0544877,5,0.166,20,10
1619606069895247000,-4,2,-0.0495761,4.47214,0.166,20,10
1619606069903863000,-5,2,-0.0462823,5.38516,0.166,20,10
1619606069912578000,-5,2,-0.0416752,5.38516,0.166,20,10
1619606069919849000,-5,2,-0.0370644,5.38516,0.166,20,10
1619606069925916000,-4,2,-0.0327821,4.47214,0.166,20,10
1619606069936319000,-4,2,-0.0281697,4.47214,0.166,20,10
1619606069942343000,-5,2,-0.0248757,5.38516,0.166,20,10
1619606069950240000,-5,1,-0.0202603,5.09902,0.166,20,10
1619606069958521000,-4,2,-0.0159804,4.47214,0.166,20,10
1619606069968669000,-4,2,-0.0126864,4.47214,0.166,20,10
1619606069975056000,-3,2,-0.00905473,3.60555,0.166,20,10
1619606069983477000,-3,2,-0.00674495,3.60555,0.166,20,10
1619606069990934000,-3,2,-0.00310582,3.60555,0.166,20,10
1619606069999374000,-2,2,-0.000793885,2.82843,0.166,20,10
1619606070006167000,-2,2,0.000895002,2.82843,0.166,20,10
1619606070015336000,-1,2,0.00223334,2.23607,0.166,20,10
1619606070022068000,-2,3,0.00357384,3.60555,0.166,20,10
1619606070030813000,-2,3,0.00528935,3.60555,0.166,20,10
1619606070038456000,-1,3,0.00837276,3.16228,0.166,20,10
1619606070045682000,-2,4,0.0101216,4.47214,0.166,20,10
1619606070056390000,-2,4,0.0122908,4.47214,0.166,20,10
1619606070063260000,-2,5,0.0154466,5.38516,0.166,20,10
1619606070071661000,-2,5,0.0181123,5.38516,0.166,20,10
1619606070078379000,-1,5,0.0217765,5.09902,0.166,20,10
1619606070086846000,-1,5,0.0250238,5.09902,0.166,20,10
1619606070096578000,-1,6,0.0278714,6.08276,0.166,20,10
1619606070102460000,0,5,0.0312769,5,0.166,20,10
1619606070112180000,0,6,0.0338668,6,0.166,20,10
1619606070118267000,0,6,0.0365575,6,0.166,20,10
1619606070128795000,1,6,0.0399139,6.08276,0.166,20,10
1619606070138336000,1,5,0.0428125,5.09902,0.166,20,10
1619606070142976000,1,5,0.0443465,5.09902,0.166,20,10
1619606070150055000,1,5,0.046579,5.09902,0.166,20,10
1619606070158925000,0,3,0.0482785,3,0.166,20,10
1619606070169643000,0,5,0.0495638,5,0.166,20,10
1619606070176136000,0,5,0.0521714,5,0.166,20,10
1619606070185343000,0,5,0.0554979,5,0.166,20,10
1619606070191831000,-2,7,0.0582107,7.28011,0.166,20,10
1619606070199077000,-3,7,0.0638335,7.61577,0.166,20,10
1619606070207848000,-4,8,0.0710711,8.94427,0.166,20,10
1619606070215670000,-4,8,0.0805777,8.94427,0.166,20,10
1619606070222216000,-5,7,0.0893624,8.60233,0.166,20,10
1619606070230262000,-4,7,0.0981879,8.06226,0.166,20,10
1619606070238440000,-4,5,0.106287,6.40312,0.166,20,10
1619606070248292000,-3,4,0.112918,5,0.166,20,10
1619606070254296000,-2,3,0.116606,3.60555,0.166,20,10
1619606070266501000,-2,2,0.120295,2.82843,0.166,20,10
1619606070270435000,-1,1,0.121768,1.41421,0.166,20,10
1619606070278286000,-1,1,0.121768,1.41421,0.166,20,10
1619606070288166000,-2,1,0.123241,2.23607,0.166,20,10
1619606070294080000,-3,2,0.124714,3.60555,0.166,20,10
1619606070304525000,-4,4,0.12765,5.65685,0.166,20,10
1619606070309506000,-6,5,0.132069,7.81025,0.166,20,10
1619606070317504000,-7,6,0.140169,9.21954,0.166,20,10
1619606070326612000,-9,7,0.150481,11.4018,0.166,20,10
1619606070336700000,-10,7,0.163739,12.2066,0.166,20,10
1619606070344458000,-11,7,0.177762,13.0384,0.166,20,10
1619606070350508000,-12,8,0.192541,14.4222,0.166,20,10
1619606070359654000,-13,7,0.211042,14.7648,0.166,20,10
1619606070367120000,-13,7,0.228862,14.7648,0.166,20,10
1619606070374064000,-14,6,0.24679,15.2315,0.166,20,10
1619606070382690000,-15,6,0.266344,16.1555,0.166,20,10
1619606070390200000,-14,6,0.288368,15.2315,0.166,20,10
1619606070398625000,-14,6,0.308911,15.2315,0.166,20,10
1619606070406434000,-13,6,0.328721,14.3178,0.166,20,10
1619606070413864000,-12,6,0.346305,13.4164,0.166,20,10
1619606070422386000,-11,7,0.361462,13.0384,0.166,20,10
1619606070429949000,-9,7,0.377268,11.4018,0.166,20,10
1619606070438136000,-8,6,0.390606,10,0.166,20,10
1619606070451983000,-7,5,0.401845,8.60233,0.166,20,10
1619606070458061000,-5,4,0.411437,6.40312,0.166,20,10
1619606070462150000,-5,4,0.417469,6.40312,0.166,20,10
1619606070470152000,-3,3,0.423314,4.24264,0.166,20,10
1619606070478761000,-2,3,0.426237,3.60555,0.166,20,10
1619606070488279000,-2,2,0.42916,2.82843,0.166,20,10
1619606070495781000,-2,2,0.431261,2.82843,0.166,20,10
1619606070501877000,-1,1,0.433545,1.41421,0.166,20,10
1619606070521819000,-1,2,0.434184,2.23607,0.166,20,10
1619606070527710000,0,1,0.435646,1,0.166,20,10
1619606070536321000,-1,4,0.436288,4.12311,0.166,20,10
1619606070544277000,-1,5,0.439037,5.09902,0.166,20,10
1619606070552128000,-1,7,0.441623,7.07107,0.166,20,10
1619606070560807000,-2,7,0.447,7.28011,0.166,20,10
1619606070565868000,-2,8,0.453223,8.24621,0.166,20,10
1619606070574406000,0,6,0.460143,6,0.166,20,10
1619606070582048000,0,7,0.463494,7,0.166,20,10
1619606070590622000,0,5,0.468227,5,0.166,20,10
1619606070598748000,0,3,0.470954,3,0.166,20,10
1619606070606200000,1,3,0.473009,3.16228,0.166,20,10
1619606070618289000,2,1,0.474384,2.23607,0.166,20,10
1619606070622301000,2,1,0.472822,2.23607,0.166,20,10
1619606070631518000,4,1,0.472734,4.12311,0.166,20,10
1619606070642179000,5,1,0.471096,5.09902,0.166,20,10
1619606070648064000,6,2,0.468699,6.32456,0.166,20,10
1619606070654194000,8,1,0.465494,8.06226,0.166,20,10
1619606070662484000,9,3,0.460112,9.48683,0.166,20,10
1619606070674794000,9,3,0.455494,9.48683,0.166,20,10
1619606070678564000,10,4,0.450264,10.7703,0.166,20,10
1619606070688474000,11,4,0.445206,11.7047,0.166,20,10
1619606070694858000,11,5,0.440408,12.083,0.166,20,10
1619606070702626000,12,4,0.435184,12.6491,0.166,20,10
1619606070710986000,11,3,0.430269,11.4018,0.166,20,10
1619606070718559000,11,3,0.424703,11.4018,0.166,20,10
1619606070728644000,11,1,0.42019,11.0454,0.166,20,10
1619606070735256000,11,1,0.412813,11.0454,0.166,20,10
1619606070743584000,9,0,0.406269,9,0.166,20,10
1619606070750905000,11,-1,0.400853,11.0454,0.166,20,10
1619606070761926000,9,-2,0.392349,9.21954,0.166,20,10
1619606070771779000,9,-3,0.38544,9.48683,0.166,20,10
1619606070777445000,9,-4,0.377174,9.84886,0.166,20,10
1619606070784524000,9,-5,0.368663,10.2956,0.166,20,10
1619606070790820000,9,-6,0.357893,10.8167,0.166,20,10
1619606070798815000,9,-7,0.347185,11.4018,0.166,20,10
1619606070806237000,10,-7,0.334736,12.2066,0.166,20,10
1619606070813589000,10,-8,0.321824,12.8062,0.166,20,10
1619606070821810000,11,-8,0.308069,13.6015,0.166,20,10
1619606070831651000,11,-9,0.293405,14.2127,0.166,20,10
1619606070838909000,12,-10,0.277009,15.6205,0.166,20,10
1619606070846632000,12,-10,0.257483,15.6205,0.166,20,10
1619606070857280000,12,-9,0.238155,15,0.166,20,10
1619606070864821000,11,-9,0.22042,14.2127,0.166,20,10
1619606070869710000,11,-8,0.204271,13.6015,0.166,20,10
1619606070880997000,10,-8,0.191033,12.8062,0.166,20,10
1619606070886938000,9,-8,0.177995,12.0416,0.166,20,10
1619606070896402000,9,-7,0.165812,11.4018,0.166,20,10
1619606070903845000,8,-7,0.154778,10.6301,0.166,20,10
1619606070910259000,7,-8,0.145478,10.6301,0.166,20,10
1619606070918122000,7,-9,0.134278,11.4018,0.166,20,10
1619606070927400000,6,-9,0.122175,10.8167,0.166,20,10
1619606070934725000,6,-8,0.110628,10,0.166,20,10
1619606070944067000,5,-8,0.100969,9.43398,0.166,20,10
1619606070953963000,5,-8,0.0907742,9.43398,0.166,20,10
1619606070960658000,5,-8,0.0814757,9.43398,0.166,20,10
1619606070968731000,5,-7,0.0713941,8.60233,0.166,20,10
1619606070976168000,5,-6,0.063436,7.81025,0.166,20,10
1619606070984267000,5,-6,0.0565892,7.81025,0.166,20,10
1619606070991629000,5,-6,0.049832,7.81025,0.166,20,10
1619606070998479000,4,-6,0.0431729,7.2111,0.166,20,10
1619606071006083000,4,-5,0.0366746,6.40312,0.166,20,10
1619606071014675000,4,-5,0.0323684,6.40312,0.166,20,10
1619606071024109000,4,-5,0.0270432,6.40312,0.166,20,10
1619606071031117000,3,-5,0.021804,5.83095,0.166,20,10
1619606071038856000,3,-6,0.0176565,6.7082,0.166,20,10
1619606071046778000,4,-6,0.0125239,7.2111,0.166,20,10
1619606071055857000,3,-6,0.00646942,6.7082,0.166,20,10
1619606071062402000,4,-6,0.000448042,7.2111,0.166,20,10
1619606071069961000,4,-6,-0.00538597,7.2111,0.166,20,10
1619606071079944000,3,-6,-0.0110755,6.7082,0.166,20,10
1619606071086253000,3,-5,-0.0159187,5.83095,0.166,20,10
1619606071094223000,3,-4,-0.0194953,5,0.166,20,10
1619606071102136000,2,-4,-0.0231851,4.47214,0.166,20,10
1619606071111813000,2,-4,-0.0258008,4.47214,0.166,20,10
1619606071118548000,2,-3,-0.0283637,3.60555,0.166,20,10
1619606071126410000,2,-3,-0.0301289,3.60555,0.166,20,10
1619606071135979000,2,-3,-0.0318767,3.60555,0.166,20,10
1619606071144990000,2,-4,-0.0333191,4.47214,0.166,20,10
1619606071150531000,3,-4,-0.03701,5,0.166,20,10
1619606071158100000,5,-4,-0.0390108,6.40312,0.166,20,10
1619606071167460000,5,-5,-0.0411004,7.07107,0.166,20,10
1619606071174130000,6,-4,-0.0438085,7.2111,0.166,20,10
1619606071183338000,6,-4,-0.0442868,7.2111,0.166,20,10
1619606071191453000,6,-4,-0.0448177,7.2111,0.166,20,10
1619606071198767000,5,-2,-0.0448841,5.38516,0.166,20,10
1619606071206162000,5,-2,-0.0441169,5.38516,0.166,20,10
1619606071214813000,4,-2,-0.0425157,4.47214,0.166,20,10
1619606071223455000,3,-1,-0.0412866,3.16228,0.166,20,10
1619606071230525000,1,-1,-0.0406838,1.41421,0.166,20,10
1619606071238407000,1,-1,-0.0414549,1.41421,0.166,20,10
1619606071279301000,1,-1,-0.0407501,1.41421,0.166,20,10
1619606071303092000,-1,-3,-0.0407992,3.16228,0.166,20,10
1619606071312163000,-1,-2,-0.042304,2.23607,0.166,20,10
1619606071319064000,-1,-2,-0.0437769,2.23607,0.166,20,10
1619606071327836000,-1,-2,-0.0459962,2.23607,0.166,20,10
1619606071337173000,-1,-3,-0.046738,3.16228,0.166,20,10
1619606071343722000,-1,-2,-0.0489485,2.23607,0.166,20,10
1619606071350989000,-1,-3,-0.0504216,3.16228,0.166,20,10
1619606071358758000,-2,-2,-0.052605,2.82843,0.166,20,10
1619606071366732000,-1,-2,-0.054828,2.23607,0.166,20,10
1619606071375368000,-2,-1,-0.0555506,2.23607,0.166,20,10
1619606071382542000,-1,-1,-0.0577739,1.41421,0.166,20,10
1619606071390398000,-1,-1,-0.0577739,1.41421,0.166,20,10
1619606071399068000,-1,-1,-0.0592469,1.41421,0.166,20,10
1619606071471126000,-1,-1,-0.0599689,1.41421,0.166,20,10
1619606071479525000,-1,-1,-0.0607198,1.41421,0.166,20,10
1619606071489777000,-1,-2,-0.0614416,2.23607,0.166,20,10
1619606071495256000,-1,-2,-0.0629143,2.23607,0.166,20,10
1619606071502872000,-1,-3,-0.064387,3.16228,0.166,20,10
1619606071510486000,-2,-3,-0.0665752,3.60555,0.166,20,10
1619606071518500000,-3,-3,-0.0694599,4.24264,0.166,20,10
1619606071528611000,-2,-2,-0.0724026,2.82843,0.166,20,10
1619606071537954000,-2,-2,-0.0746442,2.82843,0.166,20,10
1619606071542314000,-2,-2,-0.0768163,2.82843,0.166,20,10
1619606071550178000,-1,-1,-0.0782874,1.41421,0.166,20,10
1619606071558683000,-1,-1,-0.0790593,1.41421,0.166,20,10
1619606071569224000,-1,-1,-0.0797584,1.41421,0.166,20,10
1619606071574222000,-1,-1,-0.0812294,1.41421,0.166,20,10
1619606071590441000,-1,-2,-0.0820025,2.23607,0.166,20,10
1619606071598570000,0,-1,-0.0833907,1,0.166,20,10
1619606071606343000,-1,-3,-0.0833907,3.16228,0.166,20,10
1619606071614157000,-1,-4,-0.0855428,4.12311,0.166,20,10
1619606071623078000,0,-3,-0.0883496,3,0.166,20,10
1619606071630031000,-1,-5,-0.0902936,5.09902,0.166,20,10
1619606071637941000,0,-3,-0.0936094,3,0.166,20,10
1619606071646254000,-1,-4,-0.094797,4.12311,0.166,20,10
1619606071655249000,-1,-3,-0.0964994,3.16228,0.166,20,10
1619606071661502000,-1,-3,-0.0984743,3.16228,0.166,20,10
1619606071670724000,0,-1,-0.100426,1,0.166,20,10
1619606071677873000,0,-2,-0.100938,2,0.166,20,10
1619606071686486000,0,-2,-0.101436,2,0.166,20,10
1619606071694238000,0,-2,-0.102394,2,0.166,20,10
1619606071702571000,0,-2,-0.102853,2,0.166,20,10
1619606071709873000,0,-3,-0.103298,3,0.166,20,10
1619606071718112000,1,-4,-0.104144,4.12311,0.166,20,10
1619606071725367000,1,-3,-0.105302,3.16228,0.166,20,10
1619606071733894000,0,-3,-0.105324,3,0.166,20,10
1619606071742250000,1,-4,-0.10591,4.12311,0.166,20,10
1619606071749614000,1,-3,-0.105644,3.16228,0.166,20,10
1619606071757471000,0,-1,-0.106051,1,0.166,20,10
1619606071766127000,0,-2,-0.106229,2,0.166,20,10
1619606071774388000,0,-1,-0.106388,1,0.166,20,10
1619606071781615000,0,-1,-0.10653,1,0.166,20,10
1619606071942591000,0,1,-0.10653,1,0.166,20,10
1619606071950123000,-1,3,-0.10653,3.16228,0.166,20,10
1619606071957442000,-1,1,-0.106229,1.41421,0.166,20,10
1619606071966691000,-1,2,-0.107076,2.23607,0.166,20,10
1619606071975171000,0,1,-0.106877,1,0.166,20,10
1619606071982236000,-1,2,-0.106661,2.23607,0.166,20,10
1619606071990010000,0,1,-0.107441,1,0.166,20,10
1619606071998777000,-1,2,-0.107186,2.23607,0.166,20,10
1619606072006540000,-1,1,-0.107916,1.41421,0.166,20,10
1619606072022302000,0,1,-0.107622,1,0.166,20,10
1619606072030222000,0,1,-0.107622,1,0.166,20,10
1619606072039095000,-1,2,-0.10731,2.23607,0.166,20,10
1619606072053997000,-1,1,-0.107967,1.41421,0.166,20,10
1619606072072353000,-1,2,-0.108594,2.23607,0.166,20,10
1619606072086786000,0,1,-0.108221,1,0.166,20,10
1619606072095892000,-1,1,-0.108221,1.41421,0.166,20,10
1619606072110393000,-1,1,-0.108793,1.41421,0.166,20,10
1619606072127202000,-1,1,-0.108382,1.41421,0.166,20,10
1619606073550812000,0,0,-0.109333,0,0.166,20,10
1619606073677291000,0,0,-0.109333,0,0.166,20,10
